Date,AUDQT,AUD,BGNQT,BGN,CADQT,CAD,CHFQT,CHF,CNYQT,CNY,CZKQT,CZK,DKKQT,DKK,EURQT,EUR,GBPQT,GBP,IRRQT,IRR,ISKQT,ISK,JPYQT,JPY,KGSQT,KGS,KWDQT,KWD,KZTQT,KZT,MDLQT,MDL,NOKQT,NOK,NZDQT,NZD,PLNQT,PLN,RUBQT,RUB,SEKQT,SEK,SGDQT,SGD,TRYQT,TRY,UAHQT,UAH,USDQT,USD,XDRQT,XDR
1/1/17,1, 1.4132,1, 1.0479,1, 1.4492,1, 1.9112,10, 2.8162,100, 7.5859,10, 2.7570,1, 2.0450,1, 2.4014,"100,000", 6.0492,100, 1.7109,100, 1.6822,100, 2.8214,1, 6.3972,"1,000", 5.8728,10, 0.9852,10, 2.2547,1, 1.3626,10, 4.6477,100, 3.2440,10, 2.1414,1, 1.3516,10, 5.5455,100, 7.2004,1, 1.9585,1, 2.6196
1/2/17,1, 1.4132,1, 1.0479,1, 1.4492,1, 1.9112,10, 2.8162,100, 7.5859,10, 2.7570,1, 2.0450,1, 2.4014,"100,000", 6.0492,100, 1.7109,100, 1.6822,100, 2.8214,1, 6.3972,"1,000", 5.8728,10, 0.9852,10, 2.2547,1, 1.3626,10, 4.6477,100, 3.2440,10, 2.1414,1, 1.3516,10, 5.5455,100, 7.2004,1, 1.9585,1, 2.6196
1/3/17,1, 1.4132,1, 1.0479,1, 1.4492,1, 1.9112,10, 2.8162,100, 7.5859,10, 2.7570,1, 2.0450,1, 2.4014,"100,000", 6.0492,100, 1.7109,100, 1.6822,100, 2.8214,1, 6.3972,"1,000", 5.8728,10, 0.9852,10, 2.2547,1, 1.3626,10, 4.6477,100, 3.2440,10, 2.1414,1, 1.3516,10, 5.5455,100, 7.2004,1, 1.9585,1, 2.6196
1/4/17,1, 1.4183,1, 1.0480,1, 1.4653,1, 1.9159,10, 2.8264,100, 7.5865,10, 2.7572,1, 2.0545,1, 2.4118,"100,000", 6.0746,100, 1.7218,100, 1.6656,100, 2.8407,1, 6.4201,"1,000", 5.8972,10, 0.9784,10, 2.2726,1, 1.3650,10, 4.6600,100, 3.2142,10, 2.1479,1, 1.3567,10, 5.5071,100, 7.2568,1, 1.9666,1, 2.6438
1/5/17,1, 1.4337,1, 1.0517,1, 1.4739,1, 1.9231,10, 2.8382,100, 7.6159,10, 2.7684,1, 2.0534,1, 2.4186,"100,000", 6.0873,100, 1.7334,100, 1.6761,100, 2.8466,1, 6.4358,"1,000", 5.8970,10, 0.9844,10, 2.2839,1, 1.3688,10, 4.6886,100, 3.2297,10, 2.1582,1, 1.3641,10, 5.5047,100, 7.3397,1, 1.9707,1, 2.6340
1/6/17,1, 1.4324,1, 1.0557,1, 1.4768,1, 1.9270,10, 2.8541,100, 7.6370,10, 2.7775,1, 2.0716,1, 2.4185,"100,000", 6.0712,100, 1.7380,100, 1.6849,100, 2.8388,1, 6.4230,"1,000", 5.9056,10, 0.9736,10, 2.2890,1, 1.3695,10, 4.7166,100, 3.2633,10, 2.1655,1, 1.3689,10, 5.4546,100, 7.4797,1, 1.9653,1, 2.6336
1/7/17,1, 1.4352,1, 1.0595,1, 1.4748,1, 1.9339,10, 2.8209,100, 7.6687,10, 2.7872,1, 2.0676,1, 2.4206,"100,000", 6.0356,100, 1.7283,100, 1.6857,100, 2.8222,1, 6.3937,"1,000", 5.8992,10, 0.9711,10, 2.3004,1, 1.3724,10, 4.7496,100, 3.2769,10, 2.1673,1, 1.3639,10, 5.4013,100, 7.2430,1, 1.9538,1, 2.6277
1/8/17,1, 1.4352,1, 1.0595,1, 1.4748,1, 1.9339,10, 2.8209,100, 7.6687,10, 2.7872,1, 2.0676,1, 2.4206,"100,000", 6.0356,100, 1.7283,100, 1.6857,100, 2.8222,1, 6.3937,"1,000", 5.8992,10, 0.9711,10, 2.3004,1, 1.3724,10, 4.7496,100, 3.2769,10, 2.1673,1, 1.3639,10, 5.4013,100, 7.2430,1, 1.9538,1, 2.6277
1/9/17,1, 1.4352,1, 1.0595,1, 1.4748,1, 1.9339,10, 2.8209,100, 7.6687,10, 2.7872,1, 2.0676,1, 2.4206,"100,000", 6.0356,100, 1.7283,100, 1.6857,100, 2.8222,1, 6.3937,"1,000", 5.8992,10, 0.9711,10, 2.3004,1, 1.3724,10, 4.7496,100, 3.2769,10, 2.1673,1, 1.3639,10, 5.4013,100, 7.2430,1, 1.9538,1, 2.6277
1/10/17,1, 1.4355,1, 1.0560,1, 1.4802,1, 1.9254,10, 2.8259,100, 7.6428,10, 2.7777,1, 2.0650,1, 2.3815,"100,000", 6.0539,100, 1.7246,100, 1.6749,100, 2.8314,1, 6.4049,"1,000", 5.9076,10, 0.9755,10, 2.2920,1, 1.3666,10, 4.7248,100, 3.2723,10, 2.1589,1, 1.3602,10, 5.2895,100, 7.2649,1, 1.9597,1, 2.6449
1/11/17,1, 1.4434,1, 1.0632,1, 1.4847,1, 1.9384,10, 2.8367,100, 7.6956,10, 2.7974,1, 2.0810,1, 2.3857,"100,000", 6.0672,100, 1.7186,100, 1.6924,100, 2.8376,1, 6.4244,"1,000", 5.8973,10, 0.9730,10, 2.2909,1, 1.3737,10, 4.7500,100, 3.2757,10, 2.1774,1, 1.3675,10, 5.1971,100, 7.2339,1, 1.9640,1, 2.6396
1/12/17,1, 1.4554,1, 1.0618,1, 1.4893,1, 1.9358,10, 2.8419,100, 7.6821,10, 2.7937,1, 2.0803,1, 2.3936,"100,000", 6.0851,100, 1.7044,100, 1.6971,100, 2.8458,1, 6.4399,"1,000", 5.8977,10, 0.9800,10, 2.2882,1, 1.3812,10, 4.7556,100, 3.2756,10, 2.1717,1, 1.3704,10, 5.1144,100, 7.2362,1, 1.9697,1, 2.6512
1/13/17,1, 1.4646,1, 1.0623,1, 1.4958,1, 1.9389,10, 2.8326,100, 7.6898,10, 2.7946,1, 2.0774,1, 2.3989,"100,000", 6.0374,100, 1.7029,100, 1.7129,100, 2.8234,1, 6.4007,"1,000", 5.8829,10, 0.9686,10, 2.2953,1, 1.3903,10, 4.7528,100, 3.2902,10, 2.1847,1, 1.3704,10, 5.1077,100, 7.1582,1, 1.9542,1, 2.6248
1/14/17,1, 1.4623,1, 1.0617,1, 1.4840,1, 1.9357,10, 2.8281,100, 7.6855,10, 2.7931,1, 2.0740,1, 2.3803,"100,000", 6.0272,100, 1.7078,100, 1.7014,100, 2.8187,1, 6.3867,"1,000", 5.8700,10, 0.9663,10, 2.2956,1, 1.3886,10, 4.7494,100, 3.2853,10, 2.1877,1, 1.3671,10, 5.1264,100, 7.0519,1, 1.9509,1, 2.6391
1/15/17,1, 1.4623,1, 1.0617,1, 1.4840,1, 1.9357,10, 2.8281,100, 7.6855,10, 2.7931,1, 2.0740,1, 2.3803,"100,000", 6.0272,100, 1.7078,100, 1.7014,100, 2.8187,1, 6.3867,"1,000", 5.8700,10, 0.9663,10, 2.2956,1, 1.3886,10, 4.7494,100, 3.2853,10, 2.1877,1, 1.3671,10, 5.1264,100, 7.0519,1, 1.9509,1, 2.6391
1/16/17,1, 1.4623,1, 1.0617,1, 1.4840,1, 1.9357,10, 2.8281,100, 7.6855,10, 2.7931,1, 2.0740,1, 2.3803,"100,000", 6.0272,100, 1.7078,100, 1.7014,100, 2.8187,1, 6.3867,"1,000", 5.8700,10, 0.9663,10, 2.2956,1, 1.3886,10, 4.7494,100, 3.2853,10, 2.1877,1, 1.3671,10, 5.1264,100, 7.0519,1, 1.9509,1, 2.6391
1/17/17,1, 1.4590,1, 1.0578,1, 1.4862,1, 1.9295,10, 2.8328,100, 7.6566,10, 2.7824,1, 2.0699,1, 2.3525,"100,000", 6.0389,100, 1.7069,100, 1.7108,100, 2.8129,1, 6.3956,"1,000", 5.8594,10, 0.9706,10, 2.2898,1, 1.3851,10, 4.7224,100, 3.2784,10, 2.1805,1, 1.3665,10, 5.1861,100, 7.0469,1, 1.9548,1, 2.6414
1/18/17,1, 1.4694,1, 1.0642,1, 1.4919,1, 1.9424,10, 2.8434,100, 7.7038,10, 2.7991,1, 2.0764,1, 2.3739,"100,000", 6.0261,100, 1.7204,100, 1.7252,100, 2.8069,1, 6.3891,"1,000", 5.8757,10, 0.9683,10, 2.3003,1, 1.3993,10, 4.7569,100, 3.2815,10, 2.1893,1, 1.3736,10, 5.1564,100, 7.0610,1, 1.9506,1, 2.6357
1/19/17,1, 1.4681,1, 1.0625,1, 1.4872,1, 1.9399,10, 2.8445,100, 7.6907,10, 2.7943,1, 2.0778,1, 2.3966,"100,000", 6.0062,100, 1.7287,100, 1.7161,100, 2.7972,1, 6.3714,"1,000", 5.8866,10, 0.9657,10, 2.2968,1, 1.3999,10, 4.7615,100, 3.2866,10, 2.1827,1, 1.3686,10, 5.1365,100, 7.0752,1, 1.9439,1, 2.6373
1/20/17,1, 1.4731,1, 1.0622,1, 1.4683,1, 1.9378,10, 2.8356,100, 7.6876,10, 2.7933,1, 2.0719,1, 2.4008,"100,000", 6.0162,100, 1.7274,100, 1.7004,100, 2.8020,1, 6.3785,"1,000", 5.8665,10, 0.9671,10, 2.3036,1, 1.4012,10, 4.7551,100, 3.2738,10, 2.1807,1, 1.3659,10, 5.1329,100, 7.0936,1, 1.9472,1, 2.6399
1/21/17,1, 1.4637,1, 1.0587,1, 1.4565,1, 1.9300,10, 2.8245,100, 7.6631,10, 2.7847,1, 2.0754,1, 2.3954,"100,000", 6.0011,100, 1.7149,100, 1.6898,100, 2.7949,1, 6.3599,"1,000", 5.8459,10, 0.9646,10, 2.3018,1, 1.3895,10, 4.7425,100, 3.2559,10, 2.1760,1, 1.3615,10, 5.0834,100, 7.0848,1, 1.9423,1, 2.6287
1/22/17,1, 1.4628,1, 1.0588,1, 1.4525,1, 1.9325,10, 2.8156,100, 7.6601,10, 2.7843,1, 2.0711,1, 2.3958,"100,000", 5.9819,100, 1.7111,100, 1.6891,100, 2.7860,1, 6.3385,"1,000", 5.8249,10, 0.9640,10, 2.3017,1, 1.3880,10, 4.7384,100, 3.2425,10, 2.1785,1, 1.3583,10, 5.1417,100, 7.0725,1, 1.9361,1, 2.6203
1/23/17,1, 1.4628,1, 1.0588,1, 1.4525,1, 1.9325,10, 2.8156,100, 7.6601,10, 2.7843,1, 2.0711,1, 2.3958,"100,000", 5.9819,100, 1.7111,100, 1.6891,100, 2.7860,1, 6.3385,"1,000", 5.8249,10, 0.9640,10, 2.3017,1, 1.3880,10, 4.7384,100, 3.2425,10, 2.1785,1, 1.3583,10, 5.1417,100, 7.0725,1, 1.9361,1, 2.6203
1/24/17,1, 1.4628,1, 1.0618,1, 1.4567,1, 1.9353,10, 2.8223,100, 7.6822,10, 2.7926,1, 2.0786,1, 2.4096,"100,000", 5.9796,100, 1.7154,100, 1.7031,100, 2.7843,1, 6.3366,"1,000", 5.8490,10, 0.9610,10, 2.3059,1, 1.3916,10, 4.7457,100, 3.2514,10, 2.1866,1, 1.3631,10, 5.1304,100, 7.0840,1, 1.9350,1, 2.6188
1/25/17,1, 1.4600,1, 1.0601,1, 1.4557,1, 1.9316,10, 2.8150,100, 7.6706,10, 2.7881,1, 2.0746,1, 2.4144,"100,000", 5.9674,100, 1.6933,100, 1.7038,100, 2.7785,1, 6.3332,"1,000", 5.8767,10, 0.9602,10, 2.3123,1, 1.3951,10, 4.7430,100, 3.2605,10, 2.1879,1, 1.3607,10, 5.1523,100, 7.0862,1, 1.9310,1, 2.6224
1/26/17,1, 1.4550,1, 1.0600,1, 1.4687,1, 1.9310,10, 2.8024,100, 7.6721,10, 2.7877,1, 2.0676,1, 2.4293,"100,000", 5.9595,100, 1.6787,100, 1.6973,100, 2.7750,1, 6.3259,"1,000", 5.8743,10, 0.9593,10, 2.3180,1, 1.3974,10, 4.7517,100, 3.2612,10, 2.1830,1, 1.3593,10, 5.0552,100, 7.0859,1, 1.9286,1, 2.6216
1/27/17,1, 1.4587,1, 1.0600,1, 1.4757,1, 1.9376,10, 2.8090,100, 7.6725,10, 2.7883,1, 2.0741,1, 2.4427,"100,000", 5.9706,100, 1.6665,100, 1.6974,100, 2.7801,1, 6.3389,"1,000", 5.8805,10, 0.9636,10, 2.3236,1, 1.4044,10, 4.7650,100, 3.2401,10, 2.1924,1, 1.3612,10, 5.0096,100, 7.0981,1, 1.9321,1, 2.6280
1/28/17,1, 1.4597,1, 1.0602,1, 1.4798,1, 1.9405,10, 2.8182,100, 7.6753,10, 2.7888,1, 2.0699,1, 2.4370,"100,000", 5.9932,100, 1.6671,100, 1.6859,100, 2.7906,1, 6.3524,"1,000", 5.9140,10, 0.9697,10, 2.3259,1, 1.4066,10, 4.7776,100, 3.2152,10, 2.1940,1, 1.3587,10, 4.9965,100, 7.1317,1, 1.9394,1, 2.6350
1/29/17,1, 1.4597,1, 1.0602,1, 1.4798,1, 1.9405,10, 2.8182,100, 7.6753,10, 2.7888,1, 2.0699,1, 2.4370,"100,000", 5.9932,100, 1.6671,100, 1.6859,100, 2.7906,1, 6.3524,"1,000", 5.9140,10, 0.9697,10, 2.3259,1, 1.4066,10, 4.7776,100, 3.2152,10, 2.1940,1, 1.3587,10, 4.9965,100, 7.1317,1, 1.9394,1, 2.6350
1/30/17,1, 1.4597,1, 1.0602,1, 1.4798,1, 1.9405,10, 2.8182,100, 7.6753,10, 2.7888,1, 2.0699,1, 2.4370,"100,000", 5.9932,100, 1.6671,100, 1.6859,100, 2.7906,1, 6.3524,"1,000", 5.9140,10, 0.9697,10, 2.3259,1, 1.4066,10, 4.7776,100, 3.2152,10, 2.1940,1, 1.3587,10, 4.9965,100, 7.1317,1, 1.9394,1, 2.6350
1/31/17,1, 1.4609,1, 1.0583,1, 1.4717,1, 1.9388,10, 2.8128,100, 7.6593,10, 2.7829,1, 2.0723,1, 2.4224,"100,000", 5.9812,100, 1.6632,100, 1.6873,100, 2.7962,1, 6.3440,"1,000", 5.9236,10, 0.9672,10, 2.3260,1, 1.4039,10, 4.7778,100, 3.2173,10, 2.1903,1, 1.3572,10, 5.0561,100, 7.1428,1, 1.9357,1, 2.6238
2/1/17,1, 1.4614,1, 1.0582,1, 1.4756,1, 1.9428,10, 2.8127,100, 7.6594,10, 2.7825,1, 2.0703,1, 2.4177,"100,000", 5.9803,100, 1.6643,100, 1.6992,100, 2.7961,1, 6.3478,"1,000", 5.9862,10, 0.9688,10, 2.3261,1, 1.4087,10, 4.7778,100, 3.2224,10, 2.1909,1, 1.3643,10, 5.0915,100, 7.1438,1, 1.9356,1, 2.6216
2/2/17,1, 1.4698,1, 1.0685,1, 1.4810,1, 1.9565,10, 2.8140,100, 7.7336,10, 2.8100,1, 2.0881,1, 2.4375,"100,000", 5.9835,100, 1.6805,100, 1.7080,100, 2.7974,1, 6.3549,"1,000", 5.9552,10, 0.9715,10, 2.3514,1, 1.4093,10, 4.8353,100, 3.2113,10, 2.2178,1, 1.3716,10, 5.1265,100, 7.1722,1, 1.9365,1, 2.6314
2/3/17,1, 1.4846,1, 1.0692,1, 1.4898,1, 1.9555,10, 2.8110,100, 7.7398,10, 2.8117,1, 2.0875,1, 2.4555,"100,000", 5.9772,100, 1.7065,100, 1.7189,100, 2.7943,1, 6.3490,"1,000", 5.9493,10, 0.9690,10, 2.3625,1, 1.4139,10, 4.8557,100, 3.2240,10, 2.2214,1, 1.3729,10, 5.1795,100, 7.1565,1, 1.9344,1, 2.6366
2/4/17,1, 1.4735,1, 1.0587,1, 1.4786,1, 1.9376,10, 2.8035,100, 7.6624,10, 2.7842,1, 2.0724,1, 2.4121,"100,000", 5.9534,100, 1.6983,100, 1.7038,100, 2.7832,1, 6.3170,"1,000", 5.9533,10, 0.9660,10, 2.3322,1, 1.4007,10, 4.8113,100, 3.2492,10, 2.1937,1, 1.3623,10, 5.1402,100, 7.1267,1, 1.9267,1, 2.6296
2/5/17,1, 1.4735,1, 1.0587,1, 1.4786,1, 1.9376,10, 2.8035,100, 7.6624,10, 2.7842,1, 2.0724,1, 2.4121,"100,000", 5.9534,100, 1.6983,100, 1.7038,100, 2.7832,1, 6.3170,"1,000", 5.9533,10, 0.9660,10, 2.3322,1, 1.4007,10, 4.8113,100, 3.2492,10, 2.1937,1, 1.3623,10, 5.1402,100, 7.1267,1, 1.9267,1, 2.6296
2/6/17,1, 1.4735,1, 1.0587,1, 1.4786,1, 1.9376,10, 2.8035,100, 7.6624,10, 2.7842,1, 2.0724,1, 2.4121,"100,000", 5.9534,100, 1.6983,100, 1.7038,100, 2.7832,1, 6.3170,"1,000", 5.9533,10, 0.9660,10, 2.3322,1, 1.4007,10, 4.8113,100, 3.2492,10, 2.1937,1, 1.3623,10, 5.1402,100, 7.1267,1, 1.9267,1, 2.6296
2/7/17,1, 1.4661,1, 1.0508,1, 1.4693,1, 1.9233,10, 2.7868,100, 7.6061,10, 2.7633,1, 2.0557,1, 2.3849,"100,000", 5.9068,100, 1.6874,100, 1.6985,100, 2.7534,1, 6.2721,"1,000", 5.9373,10, 0.9609,10, 2.3197,1, 1.4004,10, 4.7940,100, 3.2563,10, 2.1734,1, 1.3565,10, 5.1849,100, 7.0117,1, 1.9121,1, 2.5986
2/8/17,1, 1.4609,1, 1.0452,1, 1.4529,1, 1.9177,10, 2.7862,100, 7.5647,10, 2.7492,1, 2.0481,1, 2.3692,"100,000", 5.9237,100, 1.6818,100, 1.7087,100, 2.7616,1, 6.2879,"1,000", 5.9287,10, 0.9646,10, 2.3009,1, 1.3993,10, 4.7666,100, 3.2409,10, 2.1579,1, 1.3520,10, 5.1594,100, 7.0938,1, 1.9178,1, 2.6086
2/9/17,1, 1.4674,1, 1.0461,1, 1.4602,1, 1.9231,10, 2.7966,100, 7.5719,10, 2.7522,1, 2.0490,1, 2.4024,"100,000", 5.9375,100, 1.6846,100, 1.7135,100, 2.7683,1, 6.3033,"1,000", 5.9157,10, 0.9637,10, 2.3037,1, 1.4036,10, 4.7438,100, 3.2304,10, 2.1631,1, 1.3558,10, 5.1283,100, 7.1376,1, 1.9225,1, 2.6074
2/10/17,1, 1.4596,1, 1.0465,1, 1.4563,1, 1.9230,10, 2.7860,100, 7.5750,10, 2.7532,1, 2.0437,1, 2.4042,"100,000", 5.9075,100, 1.6915,100, 1.7040,100, 2.7541,1, 6.2698,"1,000", 5.9025,10, 0.9585,10, 2.3015,1, 1.3798,10, 4.7411,100, 3.2403,10, 2.1628,1, 1.3519,10, 5.1446,100, 7.0772,1, 1.9126,1, 2.5937
2/11/17,1, 1.4531,1, 1.0352,1, 1.4477,1, 1.8978,10, 2.7654,100, 7.4936,10, 2.7233,1, 2.0260,1, 2.3779,"100,000", 5.8772,100, 1.6763,100, 1.6737,100, 2.7400,1, 6.2326,"1,000", 5.8996,10, 0.9512,10, 2.2723,1, 1.3668,10, 4.7053,100, 3.2336,10, 2.1348,1, 1.3382,10, 5.1766,100, 6.9866,1, 1.9028,1, 2.5838
2/12/17,1, 1.4531,1, 1.0352,1, 1.4477,1, 1.8978,10, 2.7654,100, 7.4936,10, 2.7233,1, 2.0260,1, 2.3779,"100,000", 5.8772,100, 1.6763,100, 1.6737,100, 2.7400,1, 6.2326,"1,000", 5.8996,10, 0.9512,10, 2.2723,1, 1.3668,10, 4.7053,100, 3.2336,10, 2.1348,1, 1.3382,10, 5.1766,100, 6.9866,1, 1.9028,1, 2.5838
2/13/17,1, 1.4531,1, 1.0352,1, 1.4477,1, 1.8978,10, 2.7654,100, 7.4936,10, 2.7233,1, 2.0260,1, 2.3779,"100,000", 5.8772,100, 1.6763,100, 1.6737,100, 2.7400,1, 6.2326,"1,000", 5.8996,10, 0.9512,10, 2.2723,1, 1.3668,10, 4.7053,100, 3.2336,10, 2.1348,1, 1.3382,10, 5.1766,100, 6.9866,1, 1.9028,1, 2.5838
2/14/17,1, 1.4483,1, 1.0276,1, 1.4424,1, 1.8836,10, 2.7464,100, 7.4380,10, 2.7029,1, 2.0111,1, 2.3626,"100,000", 5.8334,100, 1.6685,100, 1.6604,100, 2.7203,1, 6.1863,"1,000", 5.8577,10, 0.9443,10, 2.2564,1, 1.3589,10, 4.6713,100, 3.2544,10, 2.1200,1, 1.3288,10, 5.1084,100, 6.9567,1, 1.8891,1, 2.5579
2/15/17,1, 1.4438,1, 1.0212,1, 1.4406,1, 1.8739,10, 2.7389,100, 7.3933,10, 2.6865,1, 1.9956,1, 2.3544,"100,000", 5.8060,100, 1.6731,100, 1.6557,100, 2.7078,1, 6.1592,"1,000", 5.8437,10, 0.9386,10, 2.2471,1, 1.3498,10, 4.6411,100, 3.2583,10, 2.1102,1, 1.3253,10, 5.1423,100, 6.9158,1, 1.8804,1, 2.5468
2/16/17,1, 1.4326,1, 1.0065,1, 1.4265,1, 1.8485,10, 2.7150,100, 7.2856,10, 2.6473,1, 1.9716,1, 2.3215,"100,000", 5.7576,100, 1.6670,100, 1.6295,100, 2.6856,1, 6.1047,"1,000", 5.8148,10, 0.9297,10, 2.2191,1, 1.3392,10, 4.5783,100, 3.2805,10, 2.0784,1, 1.3100,10, 5.1069,100, 6.9177,1, 1.8650,1, 2.5255
2/17/17,1, 1.4405,1, 1.0154,1, 1.4331,1, 1.8641,10, 2.7239,100, 7.3506,10, 2.6714,1, 1.9788,1, 2.3340,"100,000", 5.7657,100, 1.6846,100, 1.6430,100, 2.6892,1, 6.1154,"1,000", 5.8527,10, 0.9307,10, 2.2472,1, 1.3509,10, 4.6033,100, 3.2659,10, 2.0991,1, 1.3166,10, 5.0655,100, 6.9205,1, 1.8675,1, 2.5210
2/18/17,1, 1.4384,1, 1.0192,1, 1.4311,1, 1.8740,10, 2.7273,100, 7.3779,10, 2.6819,1, 1.9952,1, 2.3265,"100,000", 5.7830,100, 1.6966,100, 1.6587,100, 2.6973,1, 6.1333,"1,000", 5.8815,10, 0.9361,10, 2.2488,1, 1.3479,10, 4.6113,100, 3.2497,10, 2.1038,1, 1.3230,10, 5.0981,100, 6.9284,1, 1.8731,1, 2.5370
2/19/17,1, 1.4384,1, 1.0192,1, 1.4311,1, 1.8740,10, 2.7273,100, 7.3779,10, 2.6819,1, 1.9952,1, 2.3265,"100,000", 5.7830,100, 1.6966,100, 1.6587,100, 2.6973,1, 6.1333,"1,000", 5.8815,10, 0.9361,10, 2.2488,1, 1.3479,10, 4.6113,100, 3.2497,10, 2.1038,1, 1.3230,10, 5.0981,100, 6.9284,1, 1.8731,1, 2.5370
2/20/17,1, 1.4384,1, 1.0192,1, 1.4311,1, 1.8740,10, 2.7273,100, 7.3779,10, 2.6819,1, 1.9952,1, 2.3265,"100,000", 5.7830,100, 1.6966,100, 1.6587,100, 2.6973,1, 6.1333,"1,000", 5.8815,10, 0.9361,10, 2.2488,1, 1.3479,10, 4.6113,100, 3.2497,10, 2.1038,1, 1.3230,10, 5.0981,100, 6.9284,1, 1.8731,1, 2.5370
2/21/17,1, 1.4416,1, 1.0202,1, 1.4342,1, 1.8734,10, 2.7314,100, 7.3847,10, 2.6842,1, 1.9935,1, 2.3419,"100,000", 5.7986,100, 1.7032,100, 1.6599,100, 2.7182,1, 6.1532,"1,000", 5.8898,10, 0.9387,10, 2.2519,1, 1.3492,10, 4.6110,100, 3.2339,10, 2.1062,1, 1.3242,10, 5.1757,100, 6.9506,1, 1.8784,1, 2.5450
2/22/17,1, 1.4349,1, 1.0108,1, 1.4252,1, 1.8591,10, 2.7243,100, 7.3166,10, 2.6598,1, 1.9833,1, 2.3295,"100,000", 5.7879,100, 1.6891,100, 1.6497,100, 2.7134,1, 6.1388,"1,000", 5.9165,10, 0.9423,10, 2.2369,1, 1.3383,10, 4.5818,100, 3.2395,10, 2.0870,1, 1.3184,10, 5.1755,100, 6.9333,1, 1.8751,1, 2.5405
2/23/17,1, 1.4405,1, 1.0064,1, 1.4217,1, 1.8496,10, 2.7219,100, 7.2858,10, 2.6486,1, 1.9698,1, 2.3339,"100,000", 5.7783,100, 1.6986,100, 1.6543,100, 2.7093,1, 6.1291,"1,000", 5.9680,10, 0.9338,10, 2.2363,1, 1.3427,10, 4.5800,100, 3.2598,10, 2.0812,1, 1.3201,10, 5.1807,100, 6.9370,1, 1.8723,1, 2.5273
2/24/17,1, 1.4428,1, 1.0111,1, 1.4264,1, 1.8555,10, 2.7270,100, 7.3205,10, 2.6606,1, 1.9782,1, 2.3382,"100,000", 5.7881,100, 1.7115,100, 1.6562,100, 2.7138,1, 6.1398,"1,000", 6.0058,10, 0.9344,10, 2.2450,1, 1.3493,10, 4.5949,100, 3.2409,10, 2.0873,1, 1.3259,10, 5.2322,100, 6.9782,1, 1.8754,1, 2.5298
2/25/17,1, 1.4473,1, 1.0166,1, 1.4339,1, 1.8679,10, 2.7318,100, 7.3595,10, 2.6752,1, 1.9875,1, 2.3535,"100,000", 5.7943,100, 1.7367,100, 1.6695,100, 2.7167,1, 6.1463,"1,000", 6.0201,10, 0.9382,10, 2.2550,1, 1.3580,10, 4.6135,100, 3.2418,10, 2.0935,1, 1.3373,10, 5.2509,100, 6.9559,1, 1.8774,1, 2.5370
2/26/17,1, 1.4473,1, 1.0166,1, 1.4339,1, 1.8679,10, 2.7318,100, 7.3595,10, 2.6752,1, 1.9875,1, 2.3535,"100,000", 5.7943,100, 1.7367,100, 1.6695,100, 2.7167,1, 6.1463,"1,000", 6.0201,10, 0.9382,10, 2.2550,1, 1.3580,10, 4.6135,100, 3.2418,10, 2.0935,1, 1.3373,10, 5.2509,100, 6.9559,1, 1.8774,1, 2.5370
2/27/17,1, 1.4473,1, 1.0166,1, 1.4339,1, 1.8679,10, 2.7318,100, 7.3595,10, 2.6752,1, 1.9875,1, 2.3535,"100,000", 5.7943,100, 1.7367,100, 1.6695,100, 2.7167,1, 6.1463,"1,000", 6.0201,10, 0.9382,10, 2.2550,1, 1.3580,10, 4.6135,100, 3.2418,10, 2.0935,1, 1.3373,10, 5.2509,100, 6.9559,1, 1.8774,1, 2.5370
2/28/17,1, 1.4450,1, 1.0186,1, 1.4347,1, 1.8691,10, 2.7394,100, 7.3724,10, 2.6801,1, 1.9893,1, 2.3394,"100,000", 5.8073,100, 1.7480,100, 1.6762,100, 2.7225,1, 6.1638,"1,000", 6.0242,10, 0.9442,10, 2.2525,1, 1.3555,10, 4.6173,100, 3.2508,10, 2.0852,1, 1.3380,10, 5.2381,100, 6.9529,1, 1.8818,1, 2.5498
3/1/17,1, 1.4487,1, 1.0209,1, 1.4309,1, 1.8742,10, 2.7449,100, 7.3899,10, 2.6863,1, 1.9973,1, 2.3459,"100,000", 5.8201,100, 1.7642,100, 1.6788,100, 2.7285,1, 6.1768,"1,000", 6.0336,10, 0.9477,10, 2.2515,1, 1.3572,10, 4.6242,100, 3.2543,10, 2.0890,1, 1.3466,10, 5.2261,100, 6.9398,1, 1.8859,1, 2.5511
3/2/17,1, 1.4527,1, 1.0215,1, 1.4229,1, 1.8780,10, 2.7549,100, 7.3939,10, 2.6877,1, 1.9979,1, 2.3450,"100,000", 5.8490,100, 1.7742,100, 1.6689,100, 2.7424,1, 6.2046,"1,000", 6.0343,10, 0.9516,10, 2.2541,1, 1.3531,10, 4.6475,100, 3.2472,10, 2.0947,1, 1.3454,10, 5.2197,100, 6.9752,1, 1.8955,1, 2.5663
3/3/17,1, 1.4506,1, 1.0232,1, 1.4220,1, 1.8805,10, 2.7612,100, 7.4073,10, 2.6928,1, 2.0003,1, 2.3330,"100,000", 5.8635,100, 1.7769,100, 1.6630,100, 2.7492,1, 6.2159,"1,000", 6.0195,10, 0.9544,10, 2.2527,1, 1.3507,10, 4.6640,100, 3.2536,10, 2.1012,1, 1.3460,10, 5.1407,100, 7.0053,1, 1.9002,1, 2.5623
3/4/17,1, 1.4477,1, 1.0301,1, 1.4277,1, 1.8896,10, 2.7738,100, 7.4541,10, 2.7104,1, 2.0131,1, 2.3413,"100,000", 5.9064,100, 1.7805,100, 1.6754,100, 2.7693,1, 6.2591,"1,000", 6.0339,10, 0.9627,10, 2.2578,1, 1.3457,10, 4.6766,100, 3.2505,10, 2.1152,1, 1.3540,10, 5.1503,100, 7.0566,1, 1.9141,1, 2.5782
3/5/17,1, 1.4477,1, 1.0301,1, 1.4277,1, 1.8896,10, 2.7738,100, 7.4541,10, 2.7104,1, 2.0131,1, 2.3413,"100,000", 5.9064,100, 1.7805,100, 1.6754,100, 2.7693,1, 6.2591,"1,000", 6.0339,10, 0.9627,10, 2.2578,1, 1.3457,10, 4.6766,100, 3.2505,10, 2.1152,1, 1.3540,10, 5.1503,100, 7.0566,1, 1.9141,1, 2.5782
3/6/17,1, 1.4477,1, 1.0301,1, 1.4277,1, 1.8896,10, 2.7738,100, 7.4541,10, 2.7104,1, 2.0131,1, 2.3413,"100,000", 5.9064,100, 1.7805,100, 1.6754,100, 2.7693,1, 6.2591,"1,000", 6.0339,10, 0.9627,10, 2.2578,1, 1.3457,10, 4.6766,100, 3.2505,10, 2.1152,1, 1.3540,10, 5.1503,100, 7.0566,1, 1.9141,1, 2.5782
3/7/17,1, 1.4455,1, 1.0301,1, 1.4210,1, 1.8850,10, 2.7596,100, 7.4561,10, 2.7104,1, 2.0203,1, 2.3332,"100,000", 5.8721,100, 1.7822,100, 1.6737,100, 2.7483,1, 6.2293,"1,000", 6.0401,10, 0.9587,10, 2.2517,1, 1.3382,10, 4.6759,100, 3.2651,10, 2.1143,1, 1.3491,10, 5.1244,100, 7.0537,1, 1.9031,1, 2.5624
3/8/17,1, 1.4441,1, 1.0275,1, 1.4190,1, 1.8745,10, 2.7570,100, 7.4387,10, 2.7038,1, 2.0123,1, 2.3191,"100,000", 5.8691,100, 1.7630,100, 1.6691,100, 2.7472,1, 6.2248,"1,000", 6.0328,10, 0.9583,10, 2.2494,1, 1.3293,10, 4.6644,100, 3.2698,10, 2.1109,1, 1.3482,10, 5.1568,100, 7.0547,1, 1.9023,1, 2.5665
3/9/17,1, 1.4441,1, 1.0275,1, 1.4190,1, 1.8745,10, 2.7570,100, 7.4387,10, 2.7038,1, 2.0123,1, 2.3191,"100,000", 5.8691,100, 1.7630,100, 1.6691,100, 2.7472,1, 6.2248,"1,000", 6.0328,10, 0.9583,10, 2.2494,1, 1.3293,10, 4.6644,100, 3.2698,10, 2.1109,1, 1.3482,10, 5.1568,100, 7.0547,1, 1.9023,1, 2.5665
3/10/17,1, 1.4345,1, 1.0329,1, 1.4149,1, 1.8852,10, 2.7679,100, 7.4764,10, 2.7176,1, 2.0153,1, 2.3237,"100,000", 5.8994,100, 1.7558,100, 1.6664,100, 2.7621,1, 6.2528,"1,000", 6.0406,10, 0.9660,10, 2.2293,1, 1.3202,10, 4.6809,100, 3.2527,10, 2.1130,1, 1.3466,10, 5.0874,100, 7.1140,1, 1.9126,1, 2.5758
3/11/17,1, 1.4412,1, 1.0387,1, 1.4187,1, 1.8920,10, 2.7672,100, 7.5185,10, 2.7325,1, 2.0292,1, 2.3286,"100,000", 5.9041,100, 1.7657,100, 1.6592,100, 2.7642,1, 6.2577,"1,000", 6.0358,10, 0.9667,10, 2.2263,1, 1.3248,10, 4.6963,100, 3.2358,10, 2.1233,1, 1.3499,10, 5.1017,100, 7.1328,1, 1.9141,1, 2.5774
3/12/17,1, 1.4412,1, 1.0387,1, 1.4187,1, 1.8920,10, 2.7672,100, 7.5185,10, 2.7325,1, 2.0292,1, 2.3286,"100,000", 5.9041,100, 1.7657,100, 1.6592,100, 2.7642,1, 6.2577,"1,000", 6.0358,10, 0.9667,10, 2.2263,1, 1.3248,10, 4.6963,100, 3.2358,10, 2.1233,1, 1.3499,10, 5.1017,100, 7.1328,1, 1.9141,1, 2.5774
3/13/17,1, 1.4412,1, 1.0387,1, 1.4187,1, 1.8920,10, 2.7672,100, 7.5185,10, 2.7325,1, 2.0292,1, 2.3286,"100,000", 5.9041,100, 1.7657,100, 1.6592,100, 2.7642,1, 6.2577,"1,000", 6.0358,10, 0.9667,10, 2.2263,1, 1.3248,10, 4.6963,100, 3.2358,10, 2.1233,1, 1.3499,10, 5.1017,100, 7.1328,1, 1.9141,1, 2.5774
3/14/17,1, 1.4484,1, 1.0430,1, 1.4207,1, 1.8971,10, 2.7671,100, 7.5497,10, 2.7442,1, 2.0456,1, 2.3336,"100,000", 5.8988,100, 1.7112,100, 1.6689,100, 2.7615,1, 6.2597,"1,000", 6.0108,10, 0.9665,10, 2.2298,1, 1.3263,10, 4.6952,100, 3.2353,10, 2.1304,1, 1.3531,10, 5.1038,100, 7.1086,1, 1.9122,1, 2.5767
3/15/17,1, 1.4463,1, 1.0414,1, 1.4219,1, 1.8989,10, 2.7689,100, 7.5384,10, 2.7400,1, 2.0371,1, 2.3214,"100,000", 5.9047,100, 1.7088,100, 1.6636,100, 2.7645,1, 6.2661,"1,000", 6.0137,10, 0.9678,10, 2.2295,1, 1.3221,10, 4.7032,100, 3.2463,10, 2.1427,1, 1.3526,10, 5.1108,100, 7.1164,1, 1.9143,1, 2.5872
3/16/17,1, 1.4524,1, 1.0402,1, 1.4228,1, 1.8976,10, 2.7707,100, 7.5298,10, 2.7368,1, 2.0357,1, 2.3353,"100,000", 5.9067,100, 1.7471,100, 1.6708,100, 2.7658,1, 6.2670,"1,000", 6.0089,10, 0.9678,10, 2.2247,1, 1.3289,10, 4.7093,100, 3.2409,10, 2.1294,1, 1.3556,10, 5.1333,100, 7.1263,1, 1.9152,1, 2.5832
3/17/17,1, 1.4599,1, 1.0405,1, 1.4272,1, 1.8997,10, 2.7498,100, 7.5303,10, 2.7375,1, 2.0341,1, 2.3272,"100,000", 5.8544,100, 1.7259,100, 1.6737,100, 2.7411,1, 6.2182,"1,000", 5.9825,10, 0.9623,10, 2.2199,1, 1.3297,10, 4.7149,100, 3.2595,10, 2.1400,1, 1.3527,10, 5.1551,100, 7.0430,1, 1.8981,1, 2.5617
3/18/17,1, 1.4538,1, 1.0410,1, 1.4188,1, 1.9007,10, 2.7380,100, 7.5363,10, 2.7390,1, 2.0356,1, 2.3425,"100,000", 5.8322,100, 1.7411,100, 1.6695,100, 2.7307,1, 6.1997,"1,000", 5.9881,10, 0.9600,10, 2.2387,1, 1.3266,10, 4.7370,100, 3.2636,10, 2.1505,1, 1.3495,10, 5.2419,100, 7.0268,1, 1.8909,1, 2.5642
3/19/17,1, 1.4538,1, 1.0410,1, 1.4188,1, 1.9007,10, 2.7380,100, 7.5363,10, 2.7390,1, 2.0356,1, 2.3425,"100,000", 5.8322,100, 1.7411,100, 1.6695,100, 2.7307,1, 6.1997,"1,000", 5.9881,10, 0.9600,10, 2.2387,1, 1.3266,10, 4.7370,100, 3.2636,10, 2.1505,1, 1.3495,10, 5.2419,100, 7.0268,1, 1.8909,1, 2.5642
3/20/17,1, 1.4538,1, 1.0410,1, 1.4188,1, 1.9007,10, 2.7380,100, 7.5363,10, 2.7390,1, 2.0356,1, 2.3425,"100,000", 5.8322,100, 1.7411,100, 1.6695,100, 2.7307,1, 6.1997,"1,000", 5.9881,10, 0.9600,10, 2.2387,1, 1.3266,10, 4.7370,100, 3.2636,10, 2.1505,1, 1.3495,10, 5.2419,100, 7.0268,1, 1.8909,1, 2.5642
3/21/17,1, 1.4545,1, 1.0354,1, 1.4104,1, 1.8862,10, 2.7260,100, 7.4935,10, 2.7238,1, 2.0253,1, 2.3364,"100,000", 5.8075,100, 1.7382,100, 1.6699,100, 2.7174,1, 6.1749,"1,000", 5.9655,10, 0.9575,10, 2.2223,1, 1.3253,10, 4.7289,100, 3.2823,10, 2.1332,1, 1.3468,10, 5.1817,100, 7.0029,1, 1.8829,1, 2.5548
3/22/17,1, 1.4539,1, 1.0376,1, 1.4104,1, 1.8871,10, 2.7284,100, 7.5108,10, 2.7297,1, 2.0266,1, 2.3420,"100,000", 5.7980,100, 1.7162,100, 1.6705,100, 2.7127,1, 6.1650,"1,000", 5.9554,10, 0.9590,10, 2.2256,1, 1.3262,10, 4.7606,100, 3.2845,10, 2.1383,1, 1.3452,10, 5.2084,100, 6.9942,1, 1.8797,1, 2.5520
3/23/17,1, 1.4442,1, 1.0402,1, 1.4076,1, 1.8987,10, 2.7373,100, 7.5300,10, 2.7357,1, 2.0339,1, 2.3498,"100,000", 5.8155,100, 1.6940,100, 1.6947,100, 2.7210,1, 6.1887,"1,000", 5.9734,10, 0.9644,10, 2.2173,1, 1.3251,10, 4.7532,100, 3.2651,10, 2.1367,1, 1.3467,10, 5.1990,100, 6.9959,1, 1.8854,1, 2.5668
3/24/17,1, 1.4391,1, 1.0393,1, 1.4137,1, 1.8983,10, 2.7361,100, 7.5224,10, 2.7335,1, 2.0326,1, 2.3567,"100,000", 5.8118,100, 1.6925,100, 1.6973,100, 2.7192,1, 6.1818,"1,000", 5.9696,10, 0.9685,10, 2.2220,1, 1.3266,10, 4.7553,100, 3.2696,10, 2.1385,1, 1.3461,10, 5.2014,100, 6.9400,1, 1.8842,1, 2.5658
3/25/17,1, 1.4338,1, 1.0390,1, 1.4077,1, 1.8978,10, 2.7316,100, 7.5215,10, 2.7325,1, 2.0268,1, 2.3499,"100,000", 5.8014,100, 1.6948,100, 1.6940,100, 2.7143,1, 6.1706,"1,000", 5.9308,10, 0.9630,10, 2.2169,1, 1.3200,10, 4.7599,100, 3.2773,10, 2.1333,1, 1.3443,10, 5.2014,100, 6.9338,1, 1.8808,1, 2.5621
3/26/17,1, 1.4338,1, 1.0390,1, 1.4077,1, 1.8978,10, 2.7316,100, 7.5215,10, 2.7325,1, 2.0268,1, 2.3499,"100,000", 5.8014,100, 1.6948,100, 1.6940,100, 2.7143,1, 6.1706,"1,000", 5.9308,10, 0.9630,10, 2.2169,1, 1.3200,10, 4.7599,100, 3.2773,10, 2.1333,1, 1.3443,10, 5.2014,100, 6.9338,1, 1.8808,1, 2.5621
3/27/17,1, 1.4338,1, 1.0390,1, 1.4077,1, 1.8978,10, 2.7316,100, 7.5215,10, 2.7325,1, 2.0268,1, 2.3499,"100,000", 5.8014,100, 1.6948,100, 1.6940,100, 2.7143,1, 6.1706,"1,000", 5.9308,10, 0.9630,10, 2.2169,1, 1.3200,10, 4.7599,100, 3.2773,10, 2.1333,1, 1.3443,10, 5.2014,100, 6.9338,1, 1.8808,1, 2.5621
3/28/17,1, 1.4302,1, 1.0410,1, 1.4039,1, 1.9033,10, 2.7241,100, 7.5344,10, 2.7362,1, 2.0351,1, 2.3579,"100,000", 5.7786,100, 1.7065,100, 1.6981,100, 2.7227,1, 6.1539,"1,000", 5.9368,10, 0.9606,10, 2.2195,1, 1.3217,10, 4.7760,100, 3.2880,10, 2.1340,1, 1.3452,10, 5.2069,100, 6.9045,1, 1.8732,1, 2.5534
3/29/17,1, 1.4263,1, 1.0410,1, 1.3995,1, 1.9025,10, 2.7229,100, 7.5358,10, 2.7369,1, 2.0347,1, 2.3566,"100,000", 5.7837,100, 1.7075,100, 1.6939,100, 2.7250,1, 6.1600,"1,000", 5.9494,10, 0.9638,10, 2.2062,1, 1.3168,10, 4.7918,100, 3.2911,10, 2.1359,1, 1.3441,10, 5.1833,100, 6.9092,1, 1.8748,1, 2.5630
3/30/17,1, 1.4369,1, 1.0356,1, 1.4043,1, 1.8895,10, 2.7236,100, 7.4954,10, 2.7217,1, 2.0242,1, 2.3337,"100,000", 5.7891,100, 1.6884,100, 1.6910,100, 2.7278,1, 6.1612,"1,000", 5.9460,10, 0.9632,10, 2.2007,1, 1.3179,10, 4.7806,100, 3.2928,10, 2.1193,1, 1.3460,10, 5.1548,100, 6.9469,1, 1.8767,1, 2.5634
3/31/17,1, 1.4361,1, 1.0276,1, 1.4029,1, 1.8787,10, 2.7169,100, 7.4395,10, 2.7018,1, 2.0111,1, 2.3284,"100,000", 5.7739,100, 1.6645,100, 1.6838,100, 2.7209,1, 6.1427,"1,000", 5.9405,10, 0.9621,10, 2.1934,1, 1.3139,10, 4.7579,100, 3.3194,10, 2.1032,1, 1.3420,10, 5.1364,100, 6.9295,1, 1.8720,1, 2.5494
4/1/17,1, 1.4296,1, 1.0220,1, 1.4011,1, 1.8696,10, 2.7161,100, 7.3914,10, 2.6873,1, 2.0002,1, 2.3294,"100,000", 5.7742,100, 1.6546,100, 1.6732,100, 2.7211,1, 6.1441,"1,000", 5.9692,10, 0.9605,10, 2.1772,1, 1.3070,10, 4.7360,100, 3.3458,10, 2.0957,1, 1.3394,10, 5.1381,100, 6.9273,1, 1.8721,1, 2.5459
4/2/17,1, 1.4296,1, 1.0220,1, 1.4011,1, 1.8696,10, 2.7161,100, 7.3914,10, 2.6873,1, 2.0002,1, 2.3294,"100,000", 5.7742,100, 1.6546,100, 1.6732,100, 2.7211,1, 6.1441,"1,000", 5.9692,10, 0.9605,10, 2.1772,1, 1.3070,10, 4.7360,100, 3.3458,10, 2.0957,1, 1.3394,10, 5.1381,100, 6.9273,1, 1.8721,1, 2.5459
4/3/17,1, 1.4296,1, 1.0220,1, 1.4011,1, 1.8696,10, 2.7161,100, 7.3914,10, 2.6873,1, 2.0002,1, 2.3294,"100,000", 5.7742,100, 1.6546,100, 1.6732,100, 2.7211,1, 6.1441,"1,000", 5.9692,10, 0.9605,10, 2.1772,1, 1.3070,10, 4.7360,100, 3.3458,10, 2.0957,1, 1.3394,10, 5.1381,100, 6.9273,1, 1.8721,1, 2.5459
4/4/17,1, 1.4273,1, 1.0229,1, 1.4056,1, 1.8720,10, 2.7264,100, 7.3969,10, 2.6901,1, 2.0018,1, 2.3509,"100,000", 5.7909,100, 1.6548,100, 1.6855,100, 2.7396,1, 6.1548,"1,000", 5.9976,10, 0.9642,10, 2.1875,1, 1.3138,10, 4.7346,100, 3.3396,10, 2.1024,1, 1.3434,10, 5.1557,100, 6.9493,1, 1.8777,1, 2.5478
4/5/17,1, 1.4268,1, 1.0278,1, 1.4058,1, 1.8819,10, 2.7396,100, 7.4286,10, 2.7028,1, 2.0085,1, 2.3511,"100,000", 5.8182,100, 1.6516,100, 1.7082,100, 2.7529,1, 6.1878,"1,000", 6.0276,10, 0.9699,10, 2.1891,1, 1.3173,10, 4.7230,100, 3.3394,10, 2.0962,1, 1.3492,10, 5.1748,100, 6.9534,1, 1.8868,1, 2.5600
4/6/17,1, 1.4239,1, 1.0259,1, 1.4029,1, 1.8765,10, 2.7274,100, 7.4135,10, 2.6984,1, 2.0083,1, 2.3473,"100,000", 5.7999,100, 1.6768,100, 1.6965,100, 2.7441,1, 6.1666,"1,000", 6.0200,10, 0.9670,10, 2.1871,1, 1.3109,10, 4.7273,100, 3.3628,10, 2.0951,1, 1.3435,10, 5.0903,100, 6.9249,1, 1.8808,1, 2.5516
4/7/17,1, 1.4268,1, 1.0295,1, 1.4064,1, 1.8801,10, 2.7369,100, 7.4282,10, 2.7082,1, 2.0118,1, 2.3545,"100,000", 5.8222,100, 1.6786,100, 1.7047,100, 2.7549,1, 6.1898,"1,000", 6.0398,10, 0.9723,10, 2.1953,1, 1.3173,10, 4.7530,100, 3.3497,10, 2.0981,1, 1.3473,10, 5.0915,100, 6.9817,1, 1.8882,1, 2.5633
4/8/17,1, 1.4256,1, 1.0295,1, 1.4137,1, 1.8833,10, 2.7457,100, 7.5657,10, 2.7079,1, 2.0131,1, 2.3516,"100,000", 5.8395,100, 1.6850,100, 1.7113,100, 2.7631,1, 6.2092,"1,000", 6.0500,10, 0.9766,10, 2.1996,1, 1.3188,10, 4.7681,100, 3.3277,10, 2.0978,1, 1.3509,10, 5.0779,100, 7.0245,1, 1.8938,1, 2.5698
4/9/17,1, 1.4256,1, 1.0295,1, 1.4137,1, 1.8833,10, 2.7457,100, 7.5657,10, 2.7079,1, 2.0131,1, 2.3516,"100,000", 5.8395,100, 1.6850,100, 1.7113,100, 2.7631,1, 6.2092,"1,000", 6.0500,10, 0.9766,10, 2.1996,1, 1.3188,10, 4.7681,100, 3.3277,10, 2.0978,1, 1.3509,10, 5.0779,100, 7.0245,1, 1.8938,1, 2.5698
4/10/17,1, 1.4256,1, 1.0295,1, 1.4137,1, 1.8833,10, 2.7457,100, 7.5657,10, 2.7079,1, 2.0131,1, 2.3516,"100,000", 5.8395,100, 1.6850,100, 1.7113,100, 2.7631,1, 6.2092,"1,000", 6.0500,10, 0.9766,10, 2.1996,1, 1.3188,10, 4.7681,100, 3.3277,10, 2.0978,1, 1.3509,10, 5.0779,100, 7.0245,1, 1.8938,1, 2.5698
4/11/17,1, 1.4254,1, 1.0290,1, 1.4202,1, 1.8840,10, 2.7562,100, 7.5859,10, 2.7066,1, 2.0134,1, 2.3585,"100,000", 5.8655,100, 1.6900,100, 1.7104,100, 2.7796,1, 6.2320,"1,000", 6.0960,10, 0.9812,10, 2.1995,1, 1.3209,10, 4.7561,100, 3.3165,10, 2.0968,1, 1.3532,10, 5.0955,100, 7.0614,1, 1.9027,1, 2.5791
4/12/17,1, 1.4229,1, 1.0293,1, 1.4232,1, 1.8839,10, 2.7478,100, 7.5406,10, 2.7080,1, 2.0085,1, 2.3566,"100,000", 5.8467,100, 1.6884,100, 1.7148,100, 2.7706,1, 6.2110,"1,000", 6.0901,10, 0.9799,10, 2.2085,1, 1.3169,10, 4.7434,100, 3.3301,10, 2.0974,1, 1.3508,10, 5.0970,100, 7.0545,1, 1.8966,1, 2.5652
4/13/17,1, 1.4164,1, 1.0253,1, 1.4190,1, 1.8767,10, 2.7436,100, 7.5278,10, 2.6964,1, 2.0080,1, 2.3609,"100,000", 5.8302,100, 1.6907,100, 1.7245,100, 2.7628,1, 6.1986,"1,000", 6.0620,10, 0.9791,10, 2.2011,1, 1.3096,10, 4.7206,100, 3.3306,10, 2.0938,1, 1.3487,10, 5.1479,100, 7.0423,1, 1.8912,1, 2.5619
4/14/17,1, 1.4302,1, 1.0268,1, 1.4250,1, 1.8784,10, 2.7395,100, 7.5103,10, 2.6995,1, 2.0087,1, 2.3659,"100,000", 5.8161,100, 1.6982,100, 1.7317,100, 2.7559,1, 6.1891,"1,000", 6.0547,10, 0.9800,10, 2.2055,1, 1.3225,10, 4.7329,100, 3.3324,10, 2.0969,1, 1.3523,10, 5.1432,100, 7.0208,1, 1.8865,1, 2.5580
4/15/17,1, 1.4254,1, 1.0221,1, 1.4131,1, 1.8732,10, 2.7315,100, 7.4919,10, 2.6873,1, 1.9977,1, 2.3541,"100,000", 5.8013,100, 1.6905,100, 1.7282,100, 2.7489,1, 6.1699,"1,000", 6.0529,10, 0.9747,10, 2.1951,1, 1.3164,10, 4.7136,100, 3.3445,10, 2.0832,1, 1.3472,10, 5.1057,100, 7.0141,1, 1.8817,1, 2.5565
4/16/17,1, 1.4254,1, 1.0221,1, 1.4131,1, 1.8732,10, 2.7315,100, 7.4919,10, 2.6873,1, 1.9977,1, 2.3541,"100,000", 5.8013,100, 1.6905,100, 1.7282,100, 2.7489,1, 6.1699,"1,000", 6.0529,10, 0.9747,10, 2.1951,1, 1.3164,10, 4.7136,100, 3.3445,10, 2.0832,1, 1.3472,10, 5.1057,100, 7.0141,1, 1.8817,1, 2.5565
4/17/17,1, 1.4254,1, 1.0221,1, 1.4131,1, 1.8732,10, 2.7315,100, 7.4919,10, 2.6873,1, 1.9977,1, 2.3541,"100,000", 5.8013,100, 1.6905,100, 1.7282,100, 2.7489,1, 6.1699,"1,000", 6.0529,10, 0.9747,10, 2.1951,1, 1.3164,10, 4.7136,100, 3.3445,10, 2.0832,1, 1.3472,10, 5.1057,100, 7.0141,1, 1.8817,1, 2.5565
4/18/17,1, 1.4288,1, 1.0231,1, 1.4158,1, 1.8751,10, 2.7339,100, 7.5084,10, 2.6900,1, 2.0014,1, 2.3616,"100,000", 5.8032,100, 1.6922,100, 1.7377,100, 2.7567,1, 6.1752,"1,000", 6.0545,10, 0.9794,10, 2.1984,1, 1.3213,10, 4.7183,100, 3.3463,10, 2.0895,1, 1.3487,10, 5.1391,100, 7.0171,1, 1.8825,1, 2.5572
4/19/17,1, 1.4173,1, 1.0250,1, 1.4070,1, 1.8764,10, 2.7301,100, 7.4924,10, 2.6951,1, 2.0008,1, 2.3784,"100,000", 5.7947,100, 1.6938,100, 1.7271,100, 2.7526,1, 6.1650,"1,000", 6.0397,10, 0.9747,10, 2.2015,1, 1.3214,10, 4.7360,100, 3.3536,10, 2.0899,1, 1.3435,10, 5.1027,100, 7.0086,1, 1.8797,1, 2.5549
4/20/17,1, 1.4134,1, 1.0308,1, 1.4005,1, 1.8874,10, 2.7296,100, 7.5304,10, 2.7103,1, 2.0162,1, 2.4119,"100,000", 5.7955,100, 1.7078,100, 1.7264,100, 2.7529,1, 6.1747,"1,000", 6.0374,10, 0.9743,10, 2.2060,1, 1.3194,10, 4.7548,100, 3.3482,10, 2.0985,1, 1.3452,10, 5.1267,100, 7.0178,1, 1.8799,1, 2.5585
4/21/17,1, 1.4152,1, 1.0359,1, 1.3958,1, 1.8904,10, 2.7351,100, 7.5262,10, 2.7234,1, 2.0208,1, 2.4136,"100,000", 5.8033,100, 1.7161,100, 1.7262,100, 2.7568,1, 6.1826,"1,000", 6.0209,10, 0.9754,10, 2.1967,1, 1.3209,10, 4.7468,100, 3.3332,10, 2.1071,1, 1.3477,10, 5.1819,100, 7.0364,1, 1.8826,1, 2.5695
4/22/17,1, 1.4118,1, 1.0268,1, 1.3927,1, 1.8793,10, 2.7250,100, 7.4473,10, 2.7003,1, 2.0122,1, 2.3997,"100,000", 5.7839,100, 1.7170,100, 1.7189,100, 2.7476,1, 6.1599,"1,000", 5.9922,10, 0.9702,10, 2.1717,1, 1.3144,10, 4.6996,100, 3.3354,10, 2.0848,1, 1.3425,10, 5.1518,100, 6.9518,1, 1.8763,1, 2.5619
4/23/17,1, 1.4118,1, 1.0268,1, 1.3927,1, 1.8793,10, 2.7250,100, 7.4473,10, 2.7003,1, 2.0122,1, 2.3997,"100,000", 5.7839,100, 1.7170,100, 1.7189,100, 2.7476,1, 6.1599,"1,000", 5.9922,10, 0.9702,10, 2.1717,1, 1.3144,10, 4.6996,100, 3.3354,10, 2.0848,1, 1.3425,10, 5.1518,100, 6.9518,1, 1.8763,1, 2.5619
4/24/17,1, 1.4118,1, 1.0268,1, 1.3927,1, 1.8793,10, 2.7250,100, 7.4473,10, 2.7003,1, 2.0122,1, 2.3997,"100,000", 5.7839,100, 1.7170,100, 1.7189,100, 2.7476,1, 6.1599,"1,000", 5.9922,10, 0.9702,10, 2.1717,1, 1.3144,10, 4.6996,100, 3.3354,10, 2.0848,1, 1.3425,10, 5.1518,100, 6.9518,1, 1.8763,1, 2.5619
4/25/17,1, 1.4118,1, 1.0268,1, 1.3927,1, 1.8793,10, 2.7250,100, 7.4473,10, 2.7003,1, 2.0122,1, 2.3997,"100,000", 5.7839,100, 1.7170,100, 1.7189,100, 2.7476,1, 6.1599,"1,000", 5.9922,10, 0.9702,10, 2.1717,1, 1.3144,10, 4.6996,100, 3.3354,10, 2.0848,1, 1.3425,10, 5.1518,100, 6.9518,1, 1.8763,1, 2.5619
4/26/17,1, 1.4118,1, 1.0268,1, 1.3927,1, 1.8793,10, 2.7250,100, 7.4473,10, 2.7003,1, 2.0122,1, 2.3997,"100,000", 5.7839,100, 1.7170,100, 1.7189,100, 2.7476,1, 6.1599,"1,000", 5.9922,10, 0.9702,10, 2.1717,1, 1.3144,10, 4.6996,100, 3.3354,10, 2.0848,1, 1.3425,10, 5.1518,100, 6.9518,1, 1.8763,1, 2.5619
4/27/17,1, 1.4014,1, 1.0410,1, 1.3778,1, 1.8798,10, 2.7128,100, 7.5727,10, 2.7366,1, 2.0409,1, 2.3970,"100,000", 5.7635,100, 1.7556,100, 1.6807,100, 2.7846,1, 6.1453,"1,000", 5.9663,10, 0.9706,10, 2.1822,1, 1.2907,10, 4.8164,100, 3.3177,10, 2.1297,1, 1.3403,10, 5.2064,100, 7.0331,1, 1.8694,1, 2.5591
4/28/17,1, 1.4022,1, 1.0454,1, 1.3818,1, 1.8888,10, 2.7217,100, 7.5868,10, 2.7485,1, 2.0459,1, 2.4200,"100,000", 5.7841,100, 1.7598,100, 1.6859,100, 2.7949,1, 6.1736,"1,000", 5.9693,10, 0.9756,10, 2.1915,1, 1.2919,10, 4.8360,100, 3.2955,10, 2.1215,1, 1.3440,10, 5.2690,100, 7.0684,1, 1.8763,1, 2.5676
4/29/17,1, 1.4018,1, 1.0480,1, 1.3745,1, 1.8920,10, 2.7175,100, 7.6012,10, 2.7559,1, 2.0414,1, 2.4250,"100,000", 5.7770,100, 1.7663,100, 1.6814,100, 2.7915,1, 6.1594,"1,000", 5.9562,10, 0.9766,10, 2.1985,1, 1.2875,10, 4.8569,100, 3.2883,10, 2.1270,1, 1.3430,10, 5.2747,100, 7.0597,1, 1.8740,1, 2.5657
4/30/17,1, 1.3998,1, 1.0415,1, 1.3687,1, 1.8782,10, 2.7115,100, 7.5851,10, 2.7379,1, 2.0371,1, 2.4207,"100,000", 5.7622,100, 1.7617,100, 1.6757,100, 2.7843,1, 6.1353,"1,000", 5.9409,10, 0.9771,10, 2.1776,1, 1.2838,10, 4.8181,100, 3.2803,10, 2.1113,1, 1.3380,10, 5.2630,100, 7.0416,1, 1.8692,1, 2.5627
5/1/17,1, 1.3998,1, 1.0415,1, 1.3687,1, 1.8782,10, 2.7115,100, 7.5851,10, 2.7379,1, 2.0371,1, 2.4207,"100,000", 5.7622,100, 1.7617,100, 1.6757,100, 2.7843,1, 6.1353,"1,000", 5.9409,10, 0.9771,10, 2.1776,1, 1.2838,10, 4.8181,100, 3.2803,10, 2.1113,1, 1.3380,10, 5.2630,100, 7.0416,1, 1.8692,1, 2.5627
5/2/17,1, 1.3998,1, 1.0415,1, 1.3687,1, 1.8782,10, 2.7115,100, 7.5851,10, 2.7379,1, 2.0371,1, 2.4207,"100,000", 5.7622,100, 1.7617,100, 1.6757,100, 2.7843,1, 6.1353,"1,000", 5.9409,10, 0.9771,10, 2.1776,1, 1.2838,10, 4.8181,100, 3.2803,10, 2.1113,1, 1.3380,10, 5.2630,100, 7.0416,1, 1.8692,1, 2.5627
5/3/17,1, 1.4054,1, 1.0421,1, 1.3676,1, 1.8773,10, 2.7094,100, 7.5750,10, 2.7408,1, 2.0376,1, 2.4116,"100,000", 5.7586,100, 1.7610,100, 1.6636,100, 2.7573,1, 6.1390,"1,000", 5.9224,10, 0.9778,10, 2.1724,1, 1.2918,10, 4.8303,100, 3.2804,10, 2.1153,1, 1.3392,10, 5.2834,100, 7.0375,1, 1.8681,1, 2.5583
5/4/17,1, 1.3986,1, 1.0444,1, 1.3633,1, 1.8907,10, 2.7147,100, 7.6026,10, 2.7467,1, 2.0421,1, 2.4181,"100,000", 5.7696,100, 1.7602,100, 1.6665,100, 2.7625,1, 6.1500,"1,000", 5.9278,10, 0.9851,10, 2.1751,1, 1.2947,10, 4.8645,100, 3.2775,10, 2.1223,1, 1.3421,10, 5.2922,100, 7.0640,1, 1.8716,1, 2.5630
5/5/17,1, 1.3966,1, 1.0531,1, 1.3733,1, 1.8991,10, 2.7315,100, 7.6946,10, 2.7701,1, 2.0517,1, 2.4284,"100,000", 5.8053,100, 1.7734,100, 1.6672,100, 2.7799,1, 6.1860,"1,000", 5.9633,10, 0.9894,10, 2.1826,1, 1.2950,10, 4.8834,100, 3.2717,10, 2.1371,1, 1.3469,10, 5.3088,100, 7.1112,1, 1.8834,1, 2.5789
5/6/17,1, 1.4004,1, 1.0610,1, 1.3747,1, 1.9148,10, 2.7437,100, 7.7430,10, 2.7904,1, 2.0756,1, 2.4482,"100,000", 5.8361,100, 1.7852,100, 1.6862,100, 2.7947,1, 6.2217,"1,000", 5.9460,10, 1.0013,10, 2.1842,1, 1.3061,10, 4.9257,100, 3.2381,10, 2.1411,1, 1.3481,10, 5.3175,100, 7.1449,1, 1.8934,1, 2.5919
5/7/17,1, 1.3970,1, 1.0584,1, 1.3789,1, 1.9072,10, 2.7269,100, 7.7398,10, 2.7841,1, 2.0728,1, 2.4438,"100,000", 5.8022,100, 1.7826,100, 1.6699,100, 2.7785,1, 6.1880,"1,000", 5.9114,10, 1.0002,10, 2.1905,1, 1.3021,10, 4.9142,100, 3.2481,10, 2.1415,1, 1.3393,10, 5.3114,100, 7.1034,1, 1.8824,1, 2.5802
5/8/17,1, 1.3970,1, 1.0584,1, 1.3789,1, 1.9072,10, 2.7269,100, 7.7398,10, 2.7841,1, 2.0728,1, 2.4438,"100,000", 5.8022,100, 1.7826,100, 1.6699,100, 2.7785,1, 6.1880,"1,000", 5.9114,10, 1.0002,10, 2.1905,1, 1.3021,10, 4.9142,100, 3.2481,10, 2.1415,1, 1.3393,10, 5.3114,100, 7.1034,1, 1.8824,1, 2.5802
5/9/17,1, 1.3970,1, 1.0584,1, 1.3789,1, 1.9072,10, 2.7269,100, 7.7398,10, 2.7841,1, 2.0728,1, 2.4438,"100,000", 5.8022,100, 1.7826,100, 1.6699,100, 2.7785,1, 6.1880,"1,000", 5.9114,10, 1.0002,10, 2.1905,1, 1.3021,10, 4.9142,100, 3.2481,10, 2.1415,1, 1.3393,10, 5.3114,100, 7.1034,1, 1.8824,1, 2.5802
5/10/17,1, 1.3970,1, 1.0584,1, 1.3789,1, 1.9072,10, 2.7269,100, 7.7398,10, 2.7841,1, 2.0728,1, 2.4438,"100,000", 5.8022,100, 1.7826,100, 1.6699,100, 2.7785,1, 6.1880,"1,000", 5.9114,10, 1.0002,10, 2.1905,1, 1.3021,10, 4.9142,100, 3.2481,10, 2.1415,1, 1.3393,10, 5.3114,100, 7.1034,1, 1.8824,1, 2.5802
5/11/17,1, 1.3910,1, 1.0479,1, 1.3755,1, 1.8726,10, 2.7311,100, 7.6842,10, 2.7549,1, 2.0520,1, 2.4423,"100,000", 5.8107,100, 1.7746,100, 1.6563,100, 2.7837,1, 6.1886,"1,000", 5.9211,10, 1.0043,10, 2.1673,1, 1.3075,10, 4.8641,100, 3.2468,10, 2.1137,1, 1.3363,10, 5.2454,100, 7.1259,1, 1.8855,1, 2.5770
5/12/17,1, 1.3799,1, 1.0403,1, 1.3665,1, 1.8573,10, 2.7119,100, 7.6474,10, 2.7348,1, 2.0372,1, 2.4193,"100,000", 5.7684,100, 1.7701,100, 1.6405,100, 2.7637,1, 6.1404,"1,000", 5.9260,10, 1.0018,10, 2.1767,1, 1.2810,10, 4.8231,100, 3.2767,10, 2.1107,1, 1.3290,10, 5.2295,100, 7.0845,1, 1.8719,1, 2.5571
5/13/17,1, 1.3839,1, 1.0411,1, 1.3662,1, 1.8595,10, 2.7143,100, 7.6614,10, 2.7373,1, 2.0347,1, 2.4100,"100,000", 5.7727,100, 1.7855,100, 1.6472,100, 2.7657,1, 6.1450,"1,000", 5.9314,10, 1.0052,10, 2.1789,1, 1.2828,10, 4.8287,100, 3.2749,10, 2.1051,1, 1.3306,10, 5.2170,100, 7.0771,1, 1.8733,1, 2.5579
5/14/17,1, 1.3839,1, 1.0411,1, 1.3662,1, 1.8595,10, 2.7143,100, 7.6614,10, 2.7373,1, 2.0347,1, 2.4100,"100,000", 5.7727,100, 1.7855,100, 1.6472,100, 2.7657,1, 6.1450,"1,000", 5.9314,10, 1.0052,10, 2.1789,1, 1.2828,10, 4.8287,100, 3.2749,10, 2.1051,1, 1.3306,10, 5.2170,100, 7.0771,1, 1.8733,1, 2.5579
5/15/17,1, 1.3839,1, 1.0411,1, 1.3662,1, 1.8595,10, 2.7143,100, 7.6614,10, 2.7373,1, 2.0347,1, 2.4100,"100,000", 5.7727,100, 1.7855,100, 1.6472,100, 2.7657,1, 6.1450,"1,000", 5.9314,10, 1.0052,10, 2.1789,1, 1.2828,10, 4.8287,100, 3.2749,10, 2.1051,1, 1.3306,10, 5.2170,100, 7.0771,1, 1.8733,1, 2.5579
5/16/17,1, 1.3841,1, 1.0419,1, 1.3658,1, 1.8643,10, 2.6972,100, 7.6876,10, 2.7395,1, 2.0348,1, 2.4047,"100,000", 5.7318,100, 1.7957,100, 1.6385,100, 2.7444,1, 6.1097,"1,000", 5.9509,10, 0.9986,10, 2.1845,1, 1.2851,10, 4.8462,100, 3.2915,10, 2.1065,1, 1.3298,10, 5.2299,100, 7.0331,1, 1.8599,1, 2.5397
5/17/17,1, 1.3713,1, 1.0475,1, 1.3571,1, 1.8715,10, 2.6890,100, 7.7396,10, 2.7542,1, 2.0440,1, 2.3890,"100,000", 5.7105,100, 1.8058,100, 1.6307,100, 2.7341,1, 6.0881,"1,000", 5.9335,10, 0.9994,10, 2.1806,1, 1.2730,10, 4.8765,100, 3.2928,10, 2.1031,1, 1.3256,10, 5.2144,100, 7.0093,1, 1.8529,1, 2.5391
5/18/17,1, 1.3757,1, 1.0547,1, 1.3634,1, 1.8891,10, 2.6973,100, 7.8024,10, 2.7724,1, 2.0618,1, 2.4074,"100,000", 5.7277,100, 1.8215,100, 1.6544,100, 2.7421,1, 6.1118,"1,000", 5.9346,10, 1.0053,10, 2.1974,1, 1.2801,10, 4.9210,100, 3.2758,10, 2.1155,1, 1.3325,10, 5.2254,100, 7.0337,1, 1.8583,1, 2.5519
5/19/17,1, 1.3871,1, 1.0631,1, 1.3678,1, 1.9106,10, 2.7108,100, 7.8017,10, 2.7939,1, 2.0788,1, 2.4365,"100,000", 5.7580,100, 1.8432,100, 1.6924,100, 2.7564,1, 6.1518,"1,000", 5.9485,10, 1.0149,10, 2.2060,1, 1.2946,10, 4.9227,100, 3.2485,10, 2.1293,1, 1.3428,10, 5.1433,100, 7.0717,1, 1.8680,1, 2.5729
5/20/17,1, 1.3852,1, 1.0624,1, 1.3708,1, 1.9034,10, 2.7011,100, 7.8291,10, 2.7929,1, 2.0751,1, 2.4208,"100,000", 5.7361,100, 1.8522,100, 1.6704,100, 2.7459,1, 6.1264,"1,000", 5.9495,10, 1.0131,10, 2.2160,1, 1.2829,10, 4.9380,100, 3.2588,10, 2.1240,1, 1.3393,10, 5.1712,100, 7.0594,1, 1.8609,1, 2.5695
5/21/17,1, 1.3852,1, 1.0624,1, 1.3708,1, 1.9034,10, 2.7011,100, 7.8291,10, 2.7929,1, 2.0751,1, 2.4208,"100,000", 5.7361,100, 1.8522,100, 1.6704,100, 2.7459,1, 6.1264,"1,000", 5.9495,10, 1.0131,10, 2.2160,1, 1.2829,10, 4.9380,100, 3.2588,10, 2.1240,1, 1.3393,10, 5.1712,100, 7.0594,1, 1.8609,1, 2.5695
5/22/17,1, 1.3852,1, 1.0624,1, 1.3708,1, 1.9034,10, 2.7011,100, 7.8291,10, 2.7929,1, 2.0751,1, 2.4208,"100,000", 5.7361,100, 1.8522,100, 1.6704,100, 2.7459,1, 6.1264,"1,000", 5.9495,10, 1.0131,10, 2.2160,1, 1.2829,10, 4.9380,100, 3.2588,10, 2.1240,1, 1.3393,10, 5.1712,100, 7.0594,1, 1.8609,1, 2.5695
5/23/17,1, 1.3806,1, 1.0632,1, 1.3714,1, 1.9089,10, 2.6886,100, 7.8536,10, 2.7938,1, 2.0713,1, 2.4094,"100,000", 5.7100,100, 1.8575,100, 1.6623,100, 2.7276,1, 6.1054,"1,000", 5.9608,10, 1.0104,10, 2.2154,1, 1.2891,10, 4.9630,100, 3.2756,10, 2.1270,1, 1.3354,10, 5.2060,100, 7.0320,1, 1.8525,1, 2.5576
5/24/17,1, 1.3887,1, 1.0652,1, 1.3749,1, 1.9072,10, 2.6891,100, 7.8683,10, 2.7993,1, 2.0834,1, 2.4028,"100,000", 5.7102,100, 1.8553,100, 1.6662,100, 2.7274,1, 6.1073,"1,000", 5.9452,10, 1.0122,10, 2.2214,1, 1.3026,10, 4.9622,100, 3.2740,10, 2.1362,1, 1.3353,10, 5.1924,100, 7.0407,1, 1.8524,1, 2.5623
5/25/17,1, 1.3849,1, 1.0599,1, 1.3719,1, 1.8976,10, 2.6888,100, 7.8375,10, 2.7858,1, 2.0715,1, 2.4026,"100,000", 5.7105,100, 1.8459,100, 1.6575,100, 2.7279,1, 6.1008,"1,000", 5.9500,10, 1.0132,10, 2.2083,1, 1.3024,10, 4.9430,100, 3.2923,10, 2.1300,1, 1.3343,10, 5.1971,100, 7.0539,1, 1.8527,1, 2.5630
5/26/17,1, 1.3833,1, 1.0622,1, 1.3782,1, 1.9032,10, 2.6962,100, 7.8628,10, 2.7921,1, 2.0802,1, 2.3995,"100,000", 5.7086,100, 1.8427,100, 1.6551,100, 2.7268,1, 6.1027,"1,000", 5.9582,10, 1.0145,10, 2.2189,1, 1.3010,10, 4.9672,100, 3.3011,10, 2.1360,1, 1.3369,10, 5.1896,100, 7.0485,1, 1.8520,1, 2.5576
5/27/17,1, 1.3858,1, 1.0673,1, 1.3821,1, 1.9172,10, 2.7112,100, 7.8979,10, 2.8050,1, 2.0868,1, 2.3940,"100,000", 5.7327,100, 1.8553,100, 1.6754,100, 2.7383,1, 6.1262,"1,000", 5.9910,10, 1.0201,10, 2.2225,1, 1.3115,10, 4.9947,100, 3.2799,10, 2.1464,1, 1.3459,10, 5.2143,100, 7.0460,1, 1.8598,1, 2.5712
5/28/17,1, 1.3858,1, 1.0673,1, 1.3821,1, 1.9172,10, 2.7112,100, 7.8979,10, 2.8050,1, 2.0868,1, 2.3940,"100,000", 5.7327,100, 1.8553,100, 1.6754,100, 2.7383,1, 6.1262,"1,000", 5.9910,10, 1.0201,10, 2.2225,1, 1.3115,10, 4.9947,100, 3.2799,10, 2.1464,1, 1.3459,10, 5.2143,100, 7.0460,1, 1.8598,1, 2.5712
5/29/17,1, 1.3858,1, 1.0673,1, 1.3821,1, 1.9172,10, 2.7112,100, 7.8979,10, 2.8050,1, 2.0868,1, 2.3940,"100,000", 5.7327,100, 1.8553,100, 1.6754,100, 2.7383,1, 6.1262,"1,000", 5.9910,10, 1.0201,10, 2.2225,1, 1.3115,10, 4.9947,100, 3.2799,10, 2.1464,1, 1.3459,10, 5.2143,100, 7.0460,1, 1.8598,1, 2.5712
5/30/17,1, 1.3858,1, 1.0654,1, 1.3845,1, 1.9137,10, 2.7168,100, 7.8843,10, 2.8005,1, 2.0815,1, 2.3924,"100,000", 5.7398,100, 1.8656,100, 1.6731,100, 2.7382,1, 6.1357,"1,000", 5.9959,10, 1.0236,10, 2.2180,1, 1.3197,10, 4.9881,100, 3.2859,10, 2.1428,1, 1.3458,10, 5.2047,100, 7.0630,1, 1.8625,1, 2.5768
5/31/17,1, 1.3884,1, 1.0628,1, 1.3850,1, 1.9074,10, 2.7193,100, 7.8461,10, 2.7940,1, 2.0767,1, 2.3988,"100,000", 5.7445,100, 1.8694,100, 1.6805,100, 2.7407,1, 6.1383,"1,000", 5.9763,10, 1.0240,10, 2.2047,1, 1.3180,10, 4.9778,100, 3.2988,10, 2.1298,1, 1.3451,10, 5.2374,100, 7.0815,1, 1.8642,1, 2.5792
6/1/17,1, 1.3927,1, 1.0703,1, 1.3887,1, 1.9227,10, 2.7408,100, 7.9271,10, 2.8140,1, 2.0881,1, 2.3989,"100,000", 5.7544,100, 1.8799,100, 1.6860,100, 2.7453,1, 6.1485,"1,000", 5.9777,10, 1.0240,10, 2.2137,1, 1.3290,10, 5.0225,100, 3.2936,10, 2.1401,1, 1.3509,10, 5.2911,100, 7.0966,1, 1.8673,1, 2.5780
6/2/17,1, 1.3791,1, 1.0701,1, 1.3810,1, 1.9230,10, 2.7371,100, 7.9455,10, 2.8133,1, 2.0924,1, 2.3950,"100,000", 5.7432,100, 1.8829,100, 1.6769,100, 2.7397,1, 6.1380,"1,000", 5.9607,10, 1.0217,10, 2.2060,1, 1.3188,10, 5.0026,100, 3.2960,10, 2.1389,1, 1.3454,10, 5.2701,100, 7.0923,1, 1.8635,1, 2.5797
6/3/17,1, 1.3783,1, 1.0706,1, 1.3793,1, 1.9216,10, 2.7366,100, 7.9410,10, 2.8152,1, 2.0938,1, 2.3998,"100,000", 5.7525,100, 1.9021,100, 1.6743,100, 2.7441,1, 6.1469,"1,000", 5.9437,10, 1.0255,10, 2.2027,1, 1.3218,10, 4.9978,100, 3.2920,10, 2.1500,1, 1.3464,10, 5.2789,100, 7.1040,1, 1.8665,1, 2.5847
6/4/17,1, 1.3783,1, 1.0706,1, 1.3793,1, 1.9216,10, 2.7366,100, 7.9410,10, 2.8152,1, 2.0938,1, 2.3998,"100,000", 5.7525,100, 1.9021,100, 1.6743,100, 2.7441,1, 6.1469,"1,000", 5.9437,10, 1.0255,10, 2.2027,1, 1.3218,10, 4.9978,100, 3.2920,10, 2.1500,1, 1.3464,10, 5.2789,100, 7.1040,1, 1.8665,1, 2.5847
6/5/17,1, 1.3783,1, 1.0706,1, 1.3793,1, 1.9216,10, 2.7366,100, 7.9410,10, 2.8152,1, 2.0938,1, 2.3998,"100,000", 5.7525,100, 1.9021,100, 1.6743,100, 2.7441,1, 6.1469,"1,000", 5.9437,10, 1.0255,10, 2.2027,1, 1.3218,10, 4.9978,100, 3.2920,10, 2.1500,1, 1.3464,10, 5.2789,100, 7.1040,1, 1.8665,1, 2.5847
6/6/17,1, 1.3936,1, 1.0725,1, 1.3838,1, 1.9324,10, 2.7415,100, 7.9708,10, 2.8195,1, 2.1012,1, 2.4065,"100,000", 5.7478,100, 1.9070,100, 1.6863,100, 2.7329,1, 6.1494,"1,000", 5.9579,10, 1.0225,10, 2.2076,1, 1.3294,10, 5.0140,100, 3.2948,10, 2.1520,1, 1.3503,10, 5.3087,100, 7.0967,1, 1.8650,1, 2.5799
6/7/17,1, 1.3982,1, 1.0739,1, 1.3878,1, 1.9350,10, 2.7492,100, 7.9723,10, 2.8235,1, 2.1012,1, 2.4098,"100,000", 5.7549,100, 1.9095,100, 1.7055,100, 2.7364,1, 6.1519,"1,000", 5.9694,10, 1.0242,10, 2.2103,1, 1.3411,10, 5.0015,100, 3.2945,10, 2.1547,1, 1.3519,10, 5.2763,100, 7.1166,1, 1.8674,1, 2.5877
6/8/17,1, 1.4109,1, 1.0710,1, 1.3883,1, 1.9318,10, 2.7468,100, 7.9587,10, 2.8161,1, 2.1026,1, 2.4091,"100,000", 5.7539,100, 1.8982,100, 1.7058,100, 2.7361,1, 6.1614,"1,000", 5.9640,10, 1.0255,10, 2.2035,1, 1.3420,10, 4.9971,100, 3.2982,10, 2.1398,1, 1.3516,10, 5.3059,100, 7.1271,1, 1.8672,1, 2.5909
6/9/17,1, 1.4139,1, 1.0757,1, 1.3871,1, 1.9362,10, 2.7566,100, 8.0073,10, 2.8291,1, 2.1080,1, 2.4243,"100,000", 5.7722,100, 1.8915,100, 1.7008,100, 2.7451,1, 6.1815,"1,000", 5.9635,10, 1.0316,10, 2.2106,1, 1.3497,10, 5.0039,100, 3.2894,10, 2.1502,1, 1.3548,10, 5.2856,100, 7.1623,1, 1.8733,1, 2.5957
6/10/17,1, 1.4131,1, 1.0718,1, 1.3884,1, 1.9286,10, 2.7597,100, 7.9893,10, 2.8185,1, 2.0985,1, 2.3885,"100,000", 5.7799,100, 1.8955,100, 1.6990,100, 2.7487,1, 6.1795,"1,000", 5.9412,10, 1.0318,10, 2.2034,1, 1.3520,10, 5.0061,100, 3.2923,10, 2.1450,1, 1.3550,10, 5.3195,100, 7.1773,1, 1.8758,1, 2.6005
6/11/17,1, 1.4131,1, 1.0718,1, 1.3884,1, 1.9286,10, 2.7597,100, 7.9893,10, 2.8185,1, 2.0985,1, 2.3885,"100,000", 5.7799,100, 1.8955,100, 1.6990,100, 2.7487,1, 6.1795,"1,000", 5.9412,10, 1.0318,10, 2.2034,1, 1.3520,10, 5.0061,100, 3.2923,10, 2.1450,1, 1.3550,10, 5.3195,100, 7.1773,1, 1.8758,1, 2.6005
6/12/17,1, 1.4131,1, 1.0718,1, 1.3884,1, 1.9286,10, 2.7597,100, 7.9893,10, 2.8185,1, 2.0985,1, 2.3885,"100,000", 5.7799,100, 1.8955,100, 1.6990,100, 2.7487,1, 6.1795,"1,000", 5.9412,10, 1.0318,10, 2.2034,1, 1.3520,10, 5.0061,100, 3.2923,10, 2.1450,1, 1.3550,10, 5.3195,100, 7.1773,1, 1.8758,1, 2.6005
6/13/17,1, 1.4151,1, 1.0758,1, 1.3950,1, 1.9388,10, 2.7592,100, 8.0301,10, 2.8285,1, 2.1023,1, 2.3822,"100,000", 5.7798,100, 1.9033,100, 1.7069,100, 2.7417,1, 6.1829,"1,000", 5.9255,10, 1.0336,10, 2.2137,1, 1.3496,10, 5.0150,100, 3.2846,10, 2.1504,1, 1.3552,10, 5.3242,100, 7.2053,1, 1.8759,1, 2.5927
6/14/17,1, 1.4150,1, 1.0745,1, 1.4127,1, 1.9380,10, 2.7585,100, 8.0272,10, 2.8262,1, 2.1013,1, 2.3833,"100,000", 5.7763,100, 1.8638,100, 1.7034,100, 2.7404,1, 6.1769,"1,000", 5.9330,10, 1.0311,10, 2.2239,1, 1.3545,10, 5.0127,100, 3.2948,10, 2.1581,1, 1.3571,10, 5.3241,100, 7.2091,1, 1.8750,1, 2.5937
6/15/17,1, 1.4238,1, 1.0756,1, 1.4225,1, 1.9352,10, 2.7631,100, 8.0362,10, 2.8288,1, 2.1048,1, 2.3910,"100,000", 5.7832,100, 1.8782,100, 1.7031,100, 2.7435,1, 6.1859,"1,000", 5.9302,10, 1.0325,10, 2.2321,1, 1.3616,10, 5.0072,100, 3.2929,10, 2.1603,1, 1.3609,10, 5.3364,100, 7.2182,1, 1.8771,1, 2.5964
6/16/17,1, 1.4296,1, 1.0753,1, 1.4188,1, 1.9332,10, 2.7702,100, 8.0341,10, 2.8277,1, 2.1071,1, 2.3941,"100,000", 5.8046,100, 1.8661,100, 1.7167,100, 2.7536,1, 6.2112,"1,000", 5.9276,10, 1.0323,10, 2.2186,1, 1.3603,10, 5.0013,100, 3.2808,10, 2.1594,1, 1.3639,10, 5.3712,100, 7.2462,1, 1.8840,1, 2.6054
6/17/17,1, 1.4364,1, 1.0782,1, 1.4246,1, 1.9369,10, 2.7699,100, 8.0376,10, 2.8362,1, 2.1065,1, 2.4105,"100,000", 5.8151,100, 1.8689,100, 1.6955,100, 2.7585,1, 6.2193,"1,000", 5.8947,10, 1.0335,10, 2.2249,1, 1.3662,10, 4.9991,100, 3.2692,10, 2.1643,1, 1.3641,10, 5.3714,100, 7.2530,1, 1.8874,1, 2.6088
6/18/17,1, 1.4364,1, 1.0782,1, 1.4246,1, 1.9369,10, 2.7699,100, 8.0376,10, 2.8362,1, 2.1065,1, 2.4105,"100,000", 5.8151,100, 1.8689,100, 1.6955,100, 2.7585,1, 6.2193,"1,000", 5.8947,10, 1.0335,10, 2.2249,1, 1.3662,10, 4.9991,100, 3.2692,10, 2.1643,1, 1.3641,10, 5.3714,100, 7.2530,1, 1.8874,1, 2.6088
6/19/17,1, 1.4364,1, 1.0782,1, 1.4246,1, 1.9369,10, 2.7699,100, 8.0376,10, 2.8362,1, 2.1065,1, 2.4105,"100,000", 5.8151,100, 1.8689,100, 1.6955,100, 2.7585,1, 6.2193,"1,000", 5.8947,10, 1.0335,10, 2.2249,1, 1.3662,10, 4.9991,100, 3.2692,10, 2.1643,1, 1.3641,10, 5.3714,100, 7.2530,1, 1.8874,1, 2.6088
6/20/17,1, 1.4388,1, 1.0825,1, 1.4282,1, 1.9466,10, 2.7719,100, 8.0952,10, 2.8465,1, 2.1150,1, 2.4171,"100,000", 5.8196,100, 1.8645,100, 1.7025,100, 2.7584,1, 6.2334,"1,000", 5.9077,10, 1.0351,10, 2.2372,1, 1.3741,10, 5.0302,100, 3.2617,10, 2.1734,1, 1.3663,10, 5.3909,100, 7.2603,1, 1.8895,1, 2.6092
6/21/17,1, 1.4481,1, 1.0851,1, 1.4360,1, 1.9547,10, 2.7857,100, 8.0813,10, 2.8534,1, 2.1203,1, 2.4123,"100,000", 5.8543,100, 1.8456,100, 1.7055,100, 2.7761,1, 6.2604,"1,000", 5.8848,10, 1.0397,10, 2.2388,1, 1.3812,10, 5.0258,100, 3.2425,10, 2.1773,1, 1.3708,10, 5.3909,100, 7.3033,1, 1.9016,1, 2.6289
6/22/17,1, 1.4549,1, 1.0954,1, 1.4456,1, 1.9733,10, 2.8151,100, 8.1540,10, 2.8797,1, 2.1404,1, 2.4259,"100,000", 5.9144,100, 1.8405,100, 1.7292,100, 2.8057,1, 6.3272,"1,000", 5.8884,10, 1.0490,10, 2.2473,1, 1.3919,10, 5.0585,100, 3.2062,10, 2.1908,1, 1.3829,10, 5.4273,100, 7.3855,1, 1.9219,1, 2.6492
6/23/17,1, 1.4570,1, 1.1017,1, 1.4509,1, 1.9829,10, 2.8260,100, 8.2068,10, 2.8972,1, 2.1556,1, 2.4462,"100,000", 5.9425,100, 1.8373,100, 1.7354,100, 2.8188,1, 6.3590,"1,000", 5.8917,10, 1.0539,10, 2.2759,1, 1.4014,10, 5.0811,100, 3.2097,10, 2.2084,1, 1.3893,10, 5.4825,100, 7.4205,1, 1.9309,1, 2.6622
6/24/17,1, 1.4595,1, 1.1013,1, 1.4579,1, 1.9847,10, 2.8196,100, 8.1993,10, 2.8964,1, 2.1544,1, 2.4538,"100,000", 5.9348,100, 1.8569,100, 1.7338,100, 2.8152,1, 6.3497,"1,000", 5.9102,10, 1.0508,10, 2.2775,1, 1.4040,10, 5.0890,100, 3.2309,10, 2.2047,1, 1.3910,10, 5.4997,100, 7.4078,1, 1.9284,1, 2.6593
6/25/17,1, 1.4595,1, 1.1013,1, 1.4579,1, 1.9847,10, 2.8196,100, 8.1993,10, 2.8964,1, 2.1544,1, 2.4538,"100,000", 5.9348,100, 1.8569,100, 1.7338,100, 2.8152,1, 6.3497,"1,000", 5.9102,10, 1.0508,10, 2.2775,1, 1.4040,10, 5.0890,100, 3.2309,10, 2.2047,1, 1.3910,10, 5.4997,100, 7.4078,1, 1.9284,1, 2.6593
6/26/17,1, 1.4595,1, 1.1013,1, 1.4579,1, 1.9847,10, 2.8196,100, 8.1993,10, 2.8964,1, 2.1544,1, 2.4538,"100,000", 5.9348,100, 1.8569,100, 1.7338,100, 2.8152,1, 6.3497,"1,000", 5.9102,10, 1.0508,10, 2.2775,1, 1.4040,10, 5.0890,100, 3.2309,10, 2.2047,1, 1.3910,10, 5.4997,100, 7.4078,1, 1.9284,1, 2.6593
6/27/17,1, 1.4552,1, 1.0985,1, 1.4505,1, 1.9748,10, 2.8092,100, 8.1901,10, 2.8890,1, 2.1515,1, 2.4437,"100,000", 5.9154,100, 1.8552,100, 1.7210,100, 2.7917,1, 6.3296,"1,000", 5.9168,10, 1.0509,10, 2.2686,1, 1.3970,10, 5.1001,100, 3.2564,10, 2.2012,1, 1.3842,10, 5.4921,100, 7.3757,1, 1.9221,1, 2.6516
6/28/17,1, 1.4640,1, 1.1083,1, 1.4563,1, 1.9923,10, 2.8247,100, 8.2525,10, 2.9155,1, 2.1539,1, 2.4542,"100,000", 5.9240,100, 1.8341,100, 1.7223,100, 2.7958,1, 6.3361,"1,000", 5.9758,10, 1.0556,10, 2.2745,1, 1.4055,10, 5.1393,100, 3.2671,10, 2.2160,1, 1.3881,10, 5.4830,100, 7.3822,1, 1.9249,1, 2.6550
6/29/17,1, 1.4692,1, 1.1237,1, 1.4729,1, 2.0140,10, 2.8446,100, 8.3562,10, 2.9551,1, 2.1987,1, 2.4786,"100,000", 5.9535,100, 1.8752,100, 1.7241,100, 2.8094,1, 6.3790,"1,000", 5.9722,10, 1.0651,10, 2.2968,1, 1.4039,10, 5.1895,100, 3.2485,10, 2.2498,1, 1.3960,10, 5.4794,100, 7.4168,1, 1.9343,1, 2.6758
6/30/17,1, 1.4832,1, 1.1277,1, 1.4845,1, 2.0183,10, 2.8516,100, 8.3844,10, 2.9657,1, 2.2088,1, 2.5064,"100,000", 5.9516,100, 1.8836,100, 1.7188,100, 2.8084,1, 6.3784,"1,000", 6.0039,10, 1.0651,10, 2.3058,1, 1.4112,10, 5.2004,100, 3.2737,10, 2.2708,1, 1.4022,10, 5.5110,100, 7.4084,1, 1.9336,1, 2.6830
7/1/17,1, 1.4914,1, 1.1317,1, 1.4955,1, 2.0246,10, 2.8636,100, 8.4333,10, 2.9763,1, 2.2143,1, 2.5161,"100,000", 5.9753,100, 1.8774,100, 1.7334,100, 2.8196,1, 6.4027,"1,000", 6.0273,10, 1.0725,10, 2.3131,1, 1.4221,10, 5.2337,100, 3.2705,10, 2.2964,1, 1.4101,10, 5.5216,100, 7.4436,1, 1.9413,1, 2.6996
7/2/17,1, 1.4914,1, 1.1317,1, 1.4955,1, 2.0246,10, 2.8636,100, 8.4333,10, 2.9763,1, 2.2143,1, 2.5161,"100,000", 5.9753,100, 1.8774,100, 1.7334,100, 2.8196,1, 6.4027,"1,000", 6.0273,10, 1.0725,10, 2.3131,1, 1.4221,10, 5.2337,100, 3.2705,10, 2.2964,1, 1.4101,10, 5.5216,100, 7.4436,1, 1.9413,1, 2.6996
7/3/17,1, 1.4914,1, 1.1317,1, 1.4955,1, 2.0246,10, 2.8636,100, 8.4333,10, 2.9763,1, 2.2143,1, 2.5161,"100,000", 5.9753,100, 1.8774,100, 1.7334,100, 2.8196,1, 6.4027,"1,000", 6.0273,10, 1.0725,10, 2.3131,1, 1.4221,10, 5.2337,100, 3.2705,10, 2.2964,1, 1.4101,10, 5.5216,100, 7.4436,1, 1.9413,1, 2.6996
7/4/17,1, 1.4914,1, 1.1317,1, 1.4955,1, 2.0246,10, 2.8636,100, 8.4333,10, 2.9763,1, 2.2143,1, 2.5161,"100,000", 5.9753,100, 1.8774,100, 1.7334,100, 2.8196,1, 6.4027,"1,000", 6.0273,10, 1.0725,10, 2.3131,1, 1.4221,10, 5.2337,100, 3.2705,10, 2.2964,1, 1.4101,10, 5.5216,100, 7.4436,1, 1.9413,1, 2.6996
7/5/17,1, 1.4780,1, 1.1283,1, 1.4964,1, 2.0142,10, 2.8586,100, 8.4497,10, 2.9677,1, 2.2071,1, 2.5158,"100,000", 5.9759,100, 1.8959,100, 1.7183,100, 2.7938,1, 6.4118,"1,000", 6.0251,10, 1.0727,10, 2.3233,1, 1.4145,10, 5.1987,100, 3.2812,10, 2.2759,1, 1.4064,10, 5.4751,100, 7.4676,1, 1.9442,1, 2.7001
7/6/17,1, 1.4860,1, 1.1317,1, 1.5091,1, 2.0207,10, 2.8752,100, 8.4728,10, 2.9771,1, 2.2213,1, 2.5247,"100,000", 6.0092,100, 1.8857,100, 1.7209,100, 2.8104,1, 6.4481,"1,000", 6.0252,10, 1.0784,10, 2.3271,1, 1.4208,10, 5.2121,100, 3.2813,10, 2.2944,1, 1.4133,10, 5.4466,100, 7.4945,1, 1.9557,1, 2.7160
7/7/17,1, 1.4964,1, 1.1450,1, 1.5235,1, 2.0425,10, 2.8982,100, 8.5732,10, 3.0112,1, 2.2376,1, 2.5560,"100,000", 6.0547,100, 1.8802,100, 1.7391,100, 2.8329,1, 6.4998,"1,000", 6.0736,10, 1.0856,10, 2.3533,1, 1.4321,10, 5.2779,100, 3.2745,10, 2.3265,1, 1.4248,10, 5.4365,100, 7.5590,1, 1.9714,1, 2.7314
7/8/17,1, 1.4993,1, 1.1512,1, 1.5209,1, 2.0508,10, 2.9019,100, 8.6237,10, 3.0275,1, 2.2532,1, 2.5453,"100,000", 6.0599,100, 1.8985,100, 1.7356,100, 2.8354,1, 6.5076,"1,000", 6.0788,10, 1.0865,10, 2.3538,1, 1.4359,10, 5.3187,100, 3.2706,10, 2.3384,1, 1.4279,10, 5.4312,100, 7.5743,1, 1.9731,1, 2.7388
7/9/17,1, 1.4993,1, 1.1512,1, 1.5209,1, 2.0508,10, 2.9019,100, 8.6237,10, 3.0275,1, 2.2532,1, 2.5453,"100,000", 6.0599,100, 1.8985,100, 1.7356,100, 2.8354,1, 6.5076,"1,000", 6.0788,10, 1.0865,10, 2.3538,1, 1.4359,10, 5.3187,100, 3.2706,10, 2.3384,1, 1.4279,10, 5.4312,100, 7.5743,1, 1.9731,1, 2.7388
7/10/17,1, 1.4993,1, 1.1512,1, 1.5209,1, 2.0508,10, 2.9019,100, 8.6237,10, 3.0275,1, 2.2532,1, 2.5453,"100,000", 6.0599,100, 1.8985,100, 1.7356,100, 2.8354,1, 6.5076,"1,000", 6.0788,10, 1.0865,10, 2.3538,1, 1.4359,10, 5.3187,100, 3.2706,10, 2.3384,1, 1.4279,10, 5.4312,100, 7.5743,1, 1.9731,1, 2.7388
7/11/17,1, 1.4984,1, 1.1489,1, 1.5272,1, 2.0430,10, 2.8997,100, 8.6099,10, 3.0217,1, 2.2504,1, 2.5398,"100,000", 6.0588,100, 1.8900,100, 1.7277,100, 2.8347,1, 6.5075,"1,000", 6.0370,10, 1.0867,10, 2.3633,1, 1.4344,10, 5.3021,100, 3.2719,10, 2.3361,1, 1.4242,10, 5.4658,100, 7.5900,1, 1.9734,1, 2.7407
7/12/17,1, 1.5061,1, 1.1531,1, 1.5321,1, 2.0419,10, 2.9108,100, 8.6267,10, 3.0331,1, 2.2549,1, 2.5547,"100,000", 6.0746,100, 1.8626,100, 1.7315,100, 2.8434,1, 6.5262,"1,000", 6.0268,10, 1.0900,10, 2.3680,1, 1.4282,10, 5.3149,100, 3.2560,10, 2.3414,1, 1.4297,10, 5.4431,100, 7.6263,1, 1.9794,1, 2.7461
7/13/17,1, 1.5133,1, 1.1590,1, 1.5309,1, 2.0550,10, 2.9139,100, 8.6789,10, 3.0484,1, 2.2650,1, 2.5427,"100,000", 6.0684,100, 1.8310,100, 1.7439,100, 2.8413,1, 6.5259,"1,000", 6.0167,10, 1.0913,10, 2.3949,1, 1.4309,10, 5.3375,100, 3.2612,10, 2.3528,1, 1.4320,10, 5.4955,100, 7.6326,1, 1.9780,1, 2.7448
7/14/17,1, 1.5264,1, 1.1500,1, 1.5493,1, 2.0449,10, 2.9089,100, 8.6108,10, 3.0247,1, 2.2514,1, 2.5484,"100,000", 6.0493,100, 1.8903,100, 1.7459,100, 2.8336,1, 6.5081,"1,000", 6.0262,10, 1.0883,10, 2.3849,1, 1.4484,10, 5.3125,100, 3.2783,10, 2.3583,1, 1.4325,10, 5.5381,100, 7.5840,1, 1.9726,1, 2.7430
7/15/17,1, 1.5244,1, 1.1465,1, 1.5416,1, 2.0259,10, 2.8958,100, 8.5985,10, 3.0156,1, 2.2418,1, 2.5471,"100,000", 6.0244,100, 1.8687,100, 1.7355,100, 2.8219,1, 6.4814,"1,000", 5.9960,10, 1.0829,10, 2.3870,1, 1.4369,10, 5.3161,100, 3.2868,10, 2.3539,1, 1.4292,10, 5.5087,100, 7.5532,1, 1.9645,1, 2.7293
7/16/17,1, 1.5244,1, 1.1465,1, 1.5416,1, 2.0259,10, 2.8958,100, 8.5985,10, 3.0156,1, 2.2418,1, 2.5471,"100,000", 6.0244,100, 1.8687,100, 1.7355,100, 2.8219,1, 6.4814,"1,000", 5.9960,10, 1.0829,10, 2.3870,1, 1.4369,10, 5.3161,100, 3.2868,10, 2.3539,1, 1.4292,10, 5.5087,100, 7.5532,1, 1.9645,1, 2.7293
7/17/17,1, 1.5244,1, 1.1465,1, 1.5416,1, 2.0259,10, 2.8958,100, 8.5985,10, 3.0156,1, 2.2418,1, 2.5471,"100,000", 6.0244,100, 1.8687,100, 1.7355,100, 2.8219,1, 6.4814,"1,000", 5.9960,10, 1.0829,10, 2.3870,1, 1.4369,10, 5.3161,100, 3.2868,10, 2.3539,1, 1.4292,10, 5.5087,100, 7.5532,1, 1.9645,1, 2.7293
7/18/17,1, 1.5271,1, 1.1437,1, 1.5421,1, 2.0279,10, 2.8823,100, 8.5713,10, 3.0078,1, 2.2331,1, 2.5494,"100,000", 5.9786,100, 1.8901,100, 1.7349,100, 2.8104,1, 6.4431,"1,000", 5.9877,10, 1.0766,10, 2.3904,1, 1.4320,10, 5.3112,100, 3.3025,10, 2.3437,1, 1.4262,10, 5.5131,100, 7.5195,1, 1.9513,1, 2.7132
7/19/17,1, 1.5493,1, 1.1538,1, 1.5476,1, 2.0456,10, 2.8920,100, 8.6464,10, 3.0343,1, 2.2480,1, 2.5428,"100,000", 5.9790,100, 1.8987,100, 1.7415,100, 2.8115,1, 6.4490,"1,000", 5.9947,10, 1.0779,10, 2.4128,1, 1.4354,10, 5.3653,100, 3.2892,10, 2.3577,1, 1.4281,10, 5.5328,100, 7.5291,1, 1.9521,1, 2.7216
7/20/17,1, 1.5468,1, 1.1488,1, 1.5438,1, 2.0424,10, 2.8859,100, 8.6327,10, 3.0216,1, 2.2468,1, 2.5420,"100,000", 5.9686,100, 1.8255,100, 1.7405,100, 2.8075,1, 6.4402,"1,000", 5.9862,10, 1.0764,10, 2.4180,1, 1.4365,10, 5.3358,100, 3.2921,10, 2.3528,1, 1.4246,10, 5.5288,100, 7.5103,1, 1.9493,1, 2.7259
7/21/17,1, 1.5397,1, 1.1454,1, 1.5420,1, 2.0319,10, 2.8749,100, 8.6081,10, 3.0122,1, 2.2393,1, 2.5215,"100,000", 5.9601,100, 1.8302,100, 1.7326,100, 2.8034,1, 6.4326,"1,000", 5.9748,10, 1.0730,10, 2.4073,1, 1.4293,10, 5.3174,100, 3.2928,10, 2.3401,1, 1.4208,10, 5.5037,100, 7.5111,1, 1.9465,1, 2.7197
7/22/17,1, 1.5331,1, 1.1521,1, 1.5389,1, 2.0368,10, 2.8593,100, 8.6551,10, 3.0301,1, 2.2534,1, 2.5177,"100,000", 5.9252,100, 1.8394,100, 1.7351,100, 2.7870,1, 6.3970,"1,000", 5.9627,10, 1.0668,10, 2.4100,1, 1.4407,10, 5.3228,100, 3.2849,10, 2.3434,1, 1.4194,10, 5.4726,100, 7.4815,1, 1.9351,1, 2.6993
7/23/17,1, 1.5331,1, 1.1521,1, 1.5389,1, 2.0368,10, 2.8593,100, 8.6551,10, 3.0301,1, 2.2534,1, 2.5177,"100,000", 5.9252,100, 1.8394,100, 1.7351,100, 2.7870,1, 6.3970,"1,000", 5.9627,10, 1.0668,10, 2.4100,1, 1.4407,10, 5.3228,100, 3.2849,10, 2.3434,1, 1.4194,10, 5.4726,100, 7.4815,1, 1.9351,1, 2.6993
7/24/17,1, 1.5331,1, 1.1521,1, 1.5389,1, 2.0368,10, 2.8593,100, 8.6551,10, 3.0301,1, 2.2534,1, 2.5177,"100,000", 5.9252,100, 1.8394,100, 1.7351,100, 2.7870,1, 6.3970,"1,000", 5.9627,10, 1.0668,10, 2.4100,1, 1.4407,10, 5.3228,100, 3.2849,10, 2.3434,1, 1.4194,10, 5.4726,100, 7.4815,1, 1.9351,1, 2.6993
7/25/17,1, 1.5455,1, 1.1582,1, 1.5517,1, 2.0562,10, 2.8803,100, 8.6999,10, 3.0458,1, 2.2631,1, 2.5343,"100,000", 5.9490,100, 1.8520,100, 1.7561,100, 2.8461,1, 6.4328,"1,000", 5.9416,10, 1.0736,10, 2.4238,1, 1.4466,10, 5.3380,100, 3.2581,10, 2.3619,1, 1.4286,10, 5.4672,100, 7.5349,1, 1.9440,1, 2.7252
7/26/17,1, 1.5445,1, 1.1598,1, 1.5545,1, 2.0527,10, 2.8821,100, 8.7205,10, 3.0502,1, 2.2665,1, 2.5362,"100,000", 5.9517,100, 1.8367,100, 1.7469,100, 2.8487,1, 6.4377,"1,000", 5.9389,10, 1.0721,10, 2.4380,1, 1.4454,10, 5.3294,100, 3.2526,10, 2.3766,1, 1.4298,10, 5.4596,100, 7.5302,1, 1.9458,1, 2.7306
7/27/17,1, 1.5449,1, 1.1611,1, 1.5598,1, 2.0357,10, 2.8882,100, 8.7144,10, 3.0541,1, 2.2671,1, 2.5459,"100,000", 5.9639,100, 1.8678,100, 1.7450,100, 2.8556,1, 6.4522,"1,000", 5.9642,10, 1.0752,10, 2.4434,1, 1.4495,10, 5.3321,100, 3.2543,10, 2.3726,1, 1.4322,10, 5.4769,100, 7.5294,1, 1.9505,1, 2.7358
7/28/17,1, 1.5568,1, 1.1632,1, 1.5620,1, 2.0263,10, 2.8831,100, 8.7271,10, 3.0592,1, 2.2771,1, 2.5544,"100,000", 5.9392,100, 1.8693,100, 1.7450,100, 2.8446,1, 6.4316,"1,000", 5.9577,10, 1.0720,10, 2.4509,1, 1.4635,10, 5.3419,100, 3.2703,10, 2.3726,1, 1.4310,10, 5.5078,100, 7.4990,1, 1.9430,1, 2.7242
7/29/17,1, 1.5413,1, 1.1610,1, 1.5456,1, 1.9985,10, 2.8768,100, 8.7116,10, 3.0535,1, 2.2700,1, 2.5363,"100,000", 5.9288,100, 1.8720,100, 1.7445,100, 2.8396,1, 6.4172,"1,000", 5.9327,10, 1.0704,10, 2.4355,1, 1.4493,10, 5.3351,100, 3.2610,10, 2.3837,1, 1.4267,10, 5.4833,100, 7.4830,1, 1.9396,1, 2.7272
7/30/17,1, 1.5413,1, 1.1610,1, 1.5456,1, 1.9985,10, 2.8768,100, 8.7116,10, 3.0535,1, 2.2700,1, 2.5363,"100,000", 5.9288,100, 1.8720,100, 1.7445,100, 2.8396,1, 6.4172,"1,000", 5.9327,10, 1.0704,10, 2.4355,1, 1.4493,10, 5.3351,100, 3.2610,10, 2.3837,1, 1.4267,10, 5.4833,100, 7.4830,1, 1.9396,1, 2.7272
7/31/17,1, 1.5413,1, 1.1610,1, 1.5456,1, 1.9985,10, 2.8768,100, 8.7116,10, 3.0535,1, 2.2700,1, 2.5363,"100,000", 5.9288,100, 1.8720,100, 1.7445,100, 2.8396,1, 6.4172,"1,000", 5.9327,10, 1.0704,10, 2.4355,1, 1.4493,10, 5.3351,100, 3.2610,10, 2.3837,1, 1.4267,10, 5.4833,100, 7.4830,1, 1.9396,1, 2.7272
8/1/17,1, 1.5500,1, 1.1662,1, 1.5594,1, 2.0042,10, 2.8898,100, 8.7427,10, 3.0676,1, 2.2816,1, 2.5507,"100,000", 5.9392,100, 1.8868,100, 1.7587,100, 2.8320,1, 6.4377,"1,000", 5.9007,10, 1.0730,10, 2.4426,1, 1.4558,10, 5.3650,100, 3.2371,10, 2.3896,1, 1.4327,10, 5.5145,100, 7.5211,1, 1.9442,1, 2.7327
8/2/17,1, 1.5491,1, 1.1718,1, 1.5549,1, 2.0086,10, 2.8869,100, 8.7706,10, 3.0815,1, 2.2924,1, 2.5640,"100,000", 5.9249,100, 1.8769,100, 1.7566,100, 2.8260,1, 6.4295,"1,000", 5.8465,10, 1.0775,10, 2.4544,1, 1.4509,10, 5.3795,100, 3.2406,10, 2.3992,1, 1.4286,10, 5.5077,100, 7.4994,1, 1.9401,1, 2.7312
8/3/17,1, 1.5540,1, 1.1807,1, 1.5535,1, 2.0128,10, 2.9026,100, 8.8424,10, 3.1044,1, 2.3100,1, 2.5830,"100,000", 5.9562,100, 1.8758,100, 1.7620,100, 2.8422,1, 6.4663,"1,000", 5.7892,10, 1.0882,10, 2.4651,1, 1.4487,10, 5.4287,100, 3.2205,10, 2.4050,1, 1.4353,10, 5.5269,100, 7.5292,1, 1.9512,1, 2.7549
8/4/17,1, 1.5515,1, 1.1846,1, 1.5534,1, 2.0184,10, 2.9110,100, 8.9431,10, 3.1156,1, 2.3169,1, 2.5765,"100,000", 5.9711,100, 1.8719,100, 1.7703,100, 2.8503,1, 6.4838,"1,000", 5.8388,10, 1.0926,10, 2.4720,1, 1.4507,10, 5.4485,100, 3.2225,10, 2.4127,1, 1.4387,10, 5.5215,100, 7.5581,1, 1.9568,1, 2.7642
8/5/17,1, 1.5538,1, 1.1836,1, 1.5505,1, 2.0135,10, 2.9010,100, 8.8787,10, 3.1119,1, 2.3157,1, 2.5630,"100,000", 5.9489,100, 1.8698,100, 1.7719,100, 2.8397,1, 6.4596,"1,000", 5.8449,10, 1.0891,10, 2.4687,1, 1.4521,10, 5.4538,100, 3.2331,10, 2.4099,1, 1.4373,10, 5.5156,100, 7.5460,1, 1.9495,1, 2.7535
8/6/17,1, 1.5538,1, 1.1836,1, 1.5505,1, 2.0135,10, 2.9010,100, 8.8787,10, 3.1119,1, 2.3157,1, 2.5630,"100,000", 5.9489,100, 1.8698,100, 1.7719,100, 2.8397,1, 6.4596,"1,000", 5.8449,10, 1.0891,10, 2.4687,1, 1.4521,10, 5.4538,100, 3.2331,10, 2.4099,1, 1.4373,10, 5.5156,100, 7.5460,1, 1.9495,1, 2.7535
8/7/17,1, 1.5538,1, 1.1836,1, 1.5505,1, 2.0135,10, 2.9010,100, 8.8787,10, 3.1119,1, 2.3157,1, 2.5630,"100,000", 5.9489,100, 1.8698,100, 1.7719,100, 2.8397,1, 6.4596,"1,000", 5.8449,10, 1.0891,10, 2.4687,1, 1.4521,10, 5.4538,100, 3.2331,10, 2.4099,1, 1.4373,10, 5.5156,100, 7.5460,1, 1.9495,1, 2.7535
8/8/17,1, 1.5430,1, 1.1771,1, 1.5384,1, 2.0045,10, 2.9028,100, 8.8013,10, 3.0948,1, 2.2993,1, 2.5461,"100,000", 5.9479,100, 1.8597,100, 1.7599,100, 2.8144,1, 6.4613,"1,000", 5.8717,10, 1.0898,10, 2.4544,1, 1.4359,10, 5.4176,100, 3.2452,10, 2.3955,1, 1.4314,10, 5.5183,100, 7.5745,1, 1.9508,1, 2.7583
8/9/17,1, 1.5475,1, 1.1788,1, 1.5409,1, 2.0067,10, 2.9127,100, 8.8161,10, 3.0997,1, 2.3063,1, 2.5449,"100,000", 5.9511,100, 1.8624,100, 1.7662,100, 2.8170,1, 6.4673,"1,000", 5.8735,10, 1.0911,10, 2.4730,1, 1.4373,10, 5.4185,100, 3.2555,10, 2.3989,1, 1.4350,10, 5.5332,100, 7.5932,1, 1.9526,1, 2.7521
8/10/17,1, 1.5418,1, 1.1732,1, 1.5414,1, 2.0269,10, 2.9255,100, 8.7807,10, 3.0843,1, 2.2943,1, 2.5413,"100,000", 5.9524,100, 1.8533,100, 1.7797,100, 2.8186,1, 6.4696,"1,000", 5.8768,10, 1.0916,10, 2.4552,1, 1.4309,10, 5.3825,100, 3.2575,10, 2.3845,1, 1.4337,10, 5.5158,100, 7.5960,1, 1.9537,1, 2.7565
8/11/17,1, 1.5371,1, 1.1682,1, 1.5331,1, 2.0211,10, 2.9324,100, 8.7355,10, 3.0714,1, 2.2876,1, 2.5358,"100,000", 5.9433,100, 1.8358,100, 1.7764,100, 2.8156,1, 6.4608,"1,000", 5.8705,10, 1.0912,10, 2.4482,1, 1.4180,10, 5.3466,100, 3.2587,10, 2.3872,1, 1.4302,10, 5.5161,100, 7.6041,1, 1.9516,1, 2.7486
8/12/17,1, 1.5316,1, 1.1736,1, 1.5333,1, 2.0292,10, 2.9280,100, 8.7784,10, 3.0861,1, 2.2947,1, 2.5304,"100,000", 5.9448,100, 1.8444,100, 1.7895,100, 2.8163,1, 6.4678,"1,000", 5.8597,10, 1.0915,10, 2.4414,1, 1.4205,10, 5.3521,100, 3.2465,10, 2.3909,1, 1.4311,10, 5.4925,100, 7.5994,1, 1.9521,1, 2.7494
8/13/17,1, 1.5316,1, 1.1736,1, 1.5333,1, 2.0292,10, 2.9280,100, 8.7784,10, 3.0861,1, 2.2947,1, 2.5304,"100,000", 5.9448,100, 1.8444,100, 1.7895,100, 2.8163,1, 6.4678,"1,000", 5.8597,10, 1.0915,10, 2.4414,1, 1.4205,10, 5.3521,100, 3.2465,10, 2.3909,1, 1.4311,10, 5.4925,100, 7.5994,1, 1.9521,1, 2.7494
8/14/17,1, 1.5316,1, 1.1736,1, 1.5333,1, 2.0292,10, 2.9280,100, 8.7784,10, 3.0861,1, 2.2947,1, 2.5304,"100,000", 5.9448,100, 1.8444,100, 1.7895,100, 2.8163,1, 6.4678,"1,000", 5.8597,10, 1.0915,10, 2.4414,1, 1.4205,10, 5.3521,100, 3.2465,10, 2.3909,1, 1.4311,10, 5.4925,100, 7.5994,1, 1.9521,1, 2.7494
8/15/17,1, 1.5322,1, 1.1735,1, 1.5318,1, 2.0099,10, 2.9164,100, 8.7826,10, 3.0869,1, 2.2973,1, 2.5250,"100,000", 5.9204,100, 1.8169,100, 1.7738,100, 2.8223,1, 6.4462,"1,000", 5.8484,10, 1.0871,10, 2.4547,1, 1.4194,10, 5.3648,100, 3.2527,10, 2.3960,1, 1.4290,10, 5.5112,100, 7.5896,1, 1.9454,1, 2.7433
8/16/17,1, 1.5282,1, 1.1710,1, 1.5309,1, 2.0061,10, 2.9186,100, 8.7586,10, 3.0796,1, 2.2907,1, 2.5127,"100,000", 5.9293,100, 1.8097,100, 1.7656,100, 2.8287,1, 6.4659,"1,000", 5.8510,10, 1.0914,10, 2.4480,1, 1.4190,10, 5.3527,100, 3.2541,10, 2.4140,1, 1.4276,10, 5.5254,100, 7.6186,1, 1.9498,1, 2.7507
8/17/17,1, 1.5289,1, 1.1641,1, 1.5287,1, 1.9991,10, 2.9057,100, 8.7437,10, 3.0621,1, 2.2831,1, 2.5052,"100,000", 5.9099,100, 1.7769,100, 1.7544,100, 2.8218,1, 6.4372,"1,000", 5.8472,10, 1.0902,10, 2.4475,1, 1.4087,10, 5.3256,100, 3.2612,10, 2.4014,1, 1.4218,10, 5.5076,100, 7.6066,1, 1.9450,1, 2.7373
8/18/17,1, 1.5363,1, 1.1596,1, 1.5334,1, 2.0036,10, 2.9030,100, 8.7110,10, 3.0495,1, 2.2752,1, 2.4941,"100,000", 5.8847,100, 1.7726,100, 1.7601,100, 2.8115,1, 6.4185,"1,000", 5.8258,10, 1.0847,10, 2.4404,1, 1.4145,10, 5.3240,100, 3.2687,10, 2.3857,1, 1.4188,10, 5.5009,100, 7.5951,1, 1.9379,1, 2.7224
8/19/17,1, 1.5352,1, 1.1633,1, 1.5318,1, 2.0146,10, 2.9048,100, 8.7177,10, 3.0594,1, 2.2763,1, 2.4980,"100,000", 5.8859,100, 1.8000,100, 1.7759,100, 2.8120,1, 6.4150,"1,000", 5.8183,10, 1.0844,10, 2.4380,1, 1.4195,10, 5.3176,100, 3.2649,10, 2.3830,1, 1.4208,10, 5.4933,100, 7.6109,1, 1.9383,1, 2.7244
8/20/17,1, 1.5352,1, 1.1633,1, 1.5318,1, 2.0146,10, 2.9048,100, 8.7177,10, 3.0594,1, 2.2763,1, 2.4980,"100,000", 5.8859,100, 1.8000,100, 1.7759,100, 2.8120,1, 6.4150,"1,000", 5.8183,10, 1.0844,10, 2.4380,1, 1.4195,10, 5.3176,100, 3.2649,10, 2.3830,1, 1.4208,10, 5.4933,100, 7.6109,1, 1.9383,1, 2.7244
8/21/17,1, 1.5352,1, 1.1633,1, 1.5318,1, 2.0146,10, 2.9048,100, 8.7177,10, 3.0594,1, 2.2763,1, 2.4980,"100,000", 5.8859,100, 1.8000,100, 1.7759,100, 2.8120,1, 6.4150,"1,000", 5.8183,10, 1.0844,10, 2.4380,1, 1.4195,10, 5.3176,100, 3.2649,10, 2.3830,1, 1.4208,10, 5.4933,100, 7.6109,1, 1.9383,1, 2.7244
8/22/17,1, 1.5317,1, 1.1612,1, 1.5352,1, 1.9983,10, 2.8982,100, 8.7046,10, 3.0536,1, 2.2699,1, 2.4906,"100,000", 5.8639,100, 1.8271,100, 1.7734,100, 2.8135,1, 6.4068,"1,000", 5.8051,10, 1.0816,10, 2.4432,1, 1.4136,10, 5.3112,100, 3.2696,10, 2.3850,1, 1.4187,10, 5.5182,100, 7.5869,1, 1.9339,1, 2.7249
8/23/17,1, 1.5256,1, 1.1603,1, 1.5338,1, 1.9975,10, 2.8968,100, 8.6927,10, 3.0513,1, 2.2749,1, 2.4765,"100,000", 5.8489,100, 1.8228,100, 1.7660,100, 2.8082,1, 6.3938,"1,000", 5.8012,10, 1.0784,10, 2.4400,1, 1.4063,10, 5.3069,100, 3.2684,10, 2.3796,1, 1.4167,10, 5.5144,100, 7.5802,1, 1.9303,1, 2.7207
8/24/17,1, 1.5261,1, 1.1635,1, 1.5367,1, 1.9955,10, 2.8992,100, 8.7162,10, 3.0598,1, 2.2733,1, 2.4723,"100,000", 5.8472,100, 1.8220,100, 1.7666,100, 2.8106,1, 6.3987,"1,000", 5.7886,10, 1.0781,10, 2.4471,1, 1.3951,10, 5.3157,100, 3.2677,10, 2.3850,1, 1.4176,10, 5.5244,100, 7.5528,1, 1.9319,1, 2.7215
8/25/17,1, 1.5270,1, 1.1655,1, 1.5424,1, 2.0044,10, 2.9025,100, 8.7232,10, 3.0652,1, 2.2798,1, 2.4785,"100,000", 5.8458,100, 1.8007,100, 1.7681,100, 2.8129,1, 6.4066,"1,000", 5.8389,10, 1.0790,10, 2.4612,1, 1.3957,10, 5.3265,100, 3.2691,10, 2.3950,1, 1.4201,10, 5.5536,100, 7.5660,1, 1.9335,1, 2.7255
8/26/17,1, 1.5297,1, 1.1669,1, 1.5461,1, 2.0058,10, 2.9040,100, 8.7472,10, 3.0680,1, 2.2789,1, 2.4797,"100,000", 5.8452,100, 1.7998,100, 1.7637,100, 2.8126,1, 6.4038,"1,000", 5.7972,10, 1.0804,10, 2.4697,1, 1.3958,10, 5.3590,100, 3.2702,10, 2.4009,1, 1.4214,10, 5.5527,100, 7.5653,1, 1.9333,1, 2.7266
8/27/17,1, 1.5297,1, 1.1669,1, 1.5461,1, 2.0058,10, 2.9040,100, 8.7472,10, 3.0680,1, 2.2789,1, 2.4797,"100,000", 5.8452,100, 1.7998,100, 1.7637,100, 2.8126,1, 6.4038,"1,000", 5.7972,10, 1.0804,10, 2.4697,1, 1.3958,10, 5.3590,100, 3.2702,10, 2.4009,1, 1.4214,10, 5.5527,100, 7.5653,1, 1.9333,1, 2.7266
8/28/17,1, 1.5297,1, 1.1669,1, 1.5461,1, 2.0058,10, 2.9040,100, 8.7472,10, 3.0680,1, 2.2789,1, 2.4797,"100,000", 5.8452,100, 1.7998,100, 1.7637,100, 2.8126,1, 6.4038,"1,000", 5.7972,10, 1.0804,10, 2.4697,1, 1.3958,10, 5.3590,100, 3.2702,10, 2.4009,1, 1.4214,10, 5.5527,100, 7.5653,1, 1.9333,1, 2.7266
8/29/17,1, 1.5276,1, 1.1742,1, 1.5431,1, 2.0171,10, 2.9050,100, 8.7986,10, 3.0872,1, 2.2954,1, 2.4819,"100,000", 5.8080,100, 1.8403,100, 1.7623,100, 2.8017,1, 6.3810,"1,000", 5.7572,10, 1.0782,10, 2.4785,1, 1.3929,10, 5.3869,100, 3.2847,10, 2.4127,1, 1.4205,10, 5.5833,100, 7.5436,1, 1.9240,1, 2.7153
8/30/17,1, 1.5339,1, 1.1849,1, 1.5441,1, 2.0380,10, 2.9169,100, 8.8662,10, 3.1151,1, 2.3143,1, 2.4920,"100,000", 5.8010,100, 1.8437,100, 1.7730,100, 2.8011,1, 6.3849,"1,000", 5.7320,10, 1.0804,10, 2.4947,1, 1.4012,10, 5.4360,100, 3.2843,10, 2.4265,1, 1.4230,10, 5.5852,100, 7.5569,1, 1.9236,1, 2.7269
8/31/17,1, 1.5384,1, 1.1812,1, 1.5432,1, 2.0224,10, 2.9332,100, 8.8752,10, 3.1054,1, 2.3108,1, 2.5000,"100,000", 5.8292,100, 1.8379,100, 1.7600,100, 2.8155,1, 6.4140,"1,000", 5.7657,10, 1.0856,10, 2.4911,1, 1.4007,10, 5.4184,100, 3.2932,10, 2.4308,1, 1.4259,10, 5.6118,100, 7.5542,1, 1.9335,1, 2.7512
9/1/17,1, 1.5255,1, 1.1719,1, 1.5296,1, 2.0033,10, 2.9317,100, 8.7809,10, 3.0817,1, 2.2994,1, 2.4899,"100,000", 5.8278,100, 1.8411,100, 1.7505,100, 2.8181,1, 6.4157,"1,000", 5.7242,10, 1.0903,10, 2.4694,1, 1.3809,10, 5.3830,100, 3.3056,10, 2.4162,1, 1.4231,10, 5.5838,100, 7.5304,1, 1.9353,1, 2.7447
9/2/17,1, 1.5293,1, 1.1749,1, 1.5458,1, 2.0095,10, 2.9403,100, 8.8105,10, 3.0898,1, 2.2927,1, 2.4932,"100,000", 5.8082,100, 1.8458,100, 1.7515,100, 2.8087,1, 6.3942,"1,000", 5.7063,10, 1.0836,10, 2.4828,1, 1.3805,10, 5.4156,100, 3.3213,10, 2.4216,1, 1.4226,10, 5.6060,100, 7.4760,1, 1.9288,1, 2.7261
9/3/17,1, 1.5293,1, 1.1749,1, 1.5458,1, 2.0095,10, 2.9403,100, 8.8105,10, 3.0898,1, 2.2927,1, 2.4932,"100,000", 5.8082,100, 1.8458,100, 1.7515,100, 2.8087,1, 6.3942,"1,000", 5.7063,10, 1.0836,10, 2.4828,1, 1.3805,10, 5.4156,100, 3.3213,10, 2.4216,1, 1.4226,10, 5.6060,100, 7.4760,1, 1.9288,1, 2.7261
9/4/17,1, 1.5293,1, 1.1749,1, 1.5458,1, 2.0095,10, 2.9403,100, 8.8105,10, 3.0898,1, 2.2927,1, 2.4932,"100,000", 5.8082,100, 1.8458,100, 1.7515,100, 2.8087,1, 6.3942,"1,000", 5.7063,10, 1.0836,10, 2.4828,1, 1.3805,10, 5.4156,100, 3.3213,10, 2.4216,1, 1.4226,10, 5.6060,100, 7.4760,1, 1.9288,1, 2.7261
9/5/17,1, 1.5309,1, 1.1721,1, 1.5494,1, 2.0094,10, 2.9495,100, 8.8031,10, 3.0824,1, 2.2903,1, 2.4924,"100,000", 5.7889,100, 1.8384,100, 1.7548,100, 2.8063,1, 6.3847,"1,000", 5.6789,10, 1.0846,10, 2.4663,1, 1.3802,10, 5.3983,100, 3.3325,10, 2.4194,1, 1.4185,10, 5.6056,100, 7.4257,1, 1.9251,1, 2.7286
9/6/17,1, 1.5395,1, 1.1744,1, 1.5580,1, 2.0133,10, 2.9458,100, 8.8038,10, 3.0880,1, 2.2929,1, 2.5011,"100,000", 5.7996,100, 1.8390,100, 1.7655,100, 2.8124,1, 6.3985,"1,000", 5.6546,10, 1.0857,10, 2.4750,1, 1.3876,10, 5.4265,100, 3.3354,10, 2.4244,1, 1.4242,10, 5.6011,100, 7.4218,1, 1.9293,1, 2.7345
9/7/17,1, 1.5345,1, 1.1742,1, 1.5528,1, 2.0163,10, 2.9489,100, 8.7937,10, 3.0868,1, 2.2960,1, 2.5103,"100,000", 5.7799,100, 1.8126,100, 1.7678,100, 2.8050,1, 6.3821,"1,000", 5.6355,10, 1.0859,10, 2.4715,1, 1.3885,10, 5.4101,100, 3.3543,10, 2.4176,1, 1.4234,10, 5.5845,100, 7.4036,1, 1.9242,1, 2.7285
9/8/17,1, 1.5432,1, 1.1782,1, 1.5784,1, 2.0202,10, 2.9618,100, 8.8223,10, 3.0976,1, 2.3002,1, 2.5184,"100,000", 5.7708,100, 1.8186,100, 1.7665,100, 2.8038,1, 6.3799,"1,000", 5.7186,10, 1.0836,10, 2.4734,1, 1.3855,10, 5.4169,100, 3.3664,10, 2.4144,1, 1.4308,10, 5.6267,100, 7.3863,1, 1.9234,1, 2.7330
9/9/17,1, 1.5568,1, 1.1850,1, 1.5877,1, 2.0313,10, 2.9724,100, 8.8800,10, 3.1151,1, 2.3138,1, 2.5320,"100,000", 5.7624,100, 1.8162,100, 1.7887,100, 2.7997,1, 6.3829,"1,000", 5.7171,10, 1.0832,10, 2.4879,1, 1.4047,10, 5.4474,100, 3.3676,10, 2.4300,1, 1.4368,10, 5.6321,100, 7.3703,1, 1.9206,1, 2.7355
9/10/17,1, 1.5568,1, 1.1850,1, 1.5877,1, 2.0313,10, 2.9724,100, 8.8800,10, 3.1151,1, 2.3138,1, 2.5320,"100,000", 5.7624,100, 1.8162,100, 1.7887,100, 2.7997,1, 6.3829,"1,000", 5.7171,10, 1.0832,10, 2.4879,1, 1.4047,10, 5.4474,100, 3.3676,10, 2.4300,1, 1.4368,10, 5.6321,100, 7.3703,1, 1.9206,1, 2.7355
9/11/17,1, 1.5568,1, 1.1850,1, 1.5877,1, 2.0313,10, 2.9724,100, 8.8800,10, 3.1151,1, 2.3138,1, 2.5320,"100,000", 5.7624,100, 1.8162,100, 1.7887,100, 2.7997,1, 6.3829,"1,000", 5.7171,10, 1.0832,10, 2.4879,1, 1.4047,10, 5.4474,100, 3.3676,10, 2.4300,1, 1.4368,10, 5.6321,100, 7.3703,1, 1.9206,1, 2.7355
9/12/17,1, 1.5492,1, 1.1816,1, 1.5886,1, 2.0267,10, 2.9475,100, 8.8676,10, 3.1061,1, 2.3108,1, 2.5403,"100,000", 5.7660,100, 1.8139,100, 1.7726,100, 2.8055,1, 6.3841,"1,000", 5.6943,10, 1.0866,10, 2.4710,1, 1.4019,10, 5.4391,100, 3.3639,10, 2.4179,1, 1.4323,10, 5.6705,100, 7.3927,1, 1.9232,1, 2.7515
9/13/17,1, 1.5498,1, 1.1793,1, 1.5913,1, 2.0136,10, 2.9513,100, 8.8383,10, 3.1004,1, 2.3058,1, 2.5607,"100,000", 5.7755,100, 1.8106,100, 1.7581,100, 2.8133,1, 6.3988,"1,000", 5.6786,10, 1.0902,10, 2.4516,1, 1.4114,10, 5.4224,100, 3.3623,10, 2.4191,1, 1.4326,10, 5.6206,100, 7.4035,1, 1.9286,1, 2.7502
9/14/17,1, 1.5590,1, 1.1881,1, 1.5973,1, 2.0211,10, 2.9685,100, 8.9024,10, 3.1231,1, 2.3219,1, 2.5732,"100,000", 5.8025,100, 1.8226,100, 1.7627,100, 2.8288,1, 6.4329,"1,000", 5.7174,10, 1.0971,10, 2.4681,1, 1.4132,10, 5.4288,100, 3.3594,10, 2.4336,1, 1.4413,10, 5.6361,100, 7.4327,1, 1.9392,1, 2.7578
9/15/17,1, 1.5559,1, 1.1828,1, 1.5976,1, 2.0112,10, 2.9663,100, 8.8659,10, 3.1099,1, 2.3145,1, 2.5750,"100,000", 5.8120,100, 1.8333,100, 1.7605,100, 2.8368,1, 6.4479,"1,000", 5.7311,10, 1.1018,10, 2.4659,1, 1.4059,10, 5.4025,100, 3.3697,10, 2.4259,1, 1.4402,10, 5.6360,100, 7.4324,1, 1.9447,1, 2.7692
9/16/17,1, 1.5540,1, 1.1844,1, 1.5939,1, 2.0187,10, 2.9630,100, 8.8843,10, 3.1132,1, 2.3112,1, 2.6358,"100,000", 5.7950,100, 1.8312,100, 1.7425,100, 2.8285,1, 6.4344,"1,000", 5.7092,10, 1.1005,10, 2.4689,1, 1.4090,10, 5.4154,100, 3.3713,10, 2.4341,1, 1.4420,10, 5.6358,100, 7.3994,1, 1.9390,1, 2.7522
9/17/17,1, 1.5540,1, 1.1844,1, 1.5939,1, 2.0187,10, 2.9630,100, 8.8843,10, 3.1132,1, 2.3112,1, 2.6358,"100,000", 5.7950,100, 1.8312,100, 1.7425,100, 2.8285,1, 6.4344,"1,000", 5.7092,10, 1.1005,10, 2.4689,1, 1.4090,10, 5.4154,100, 3.3713,10, 2.4341,1, 1.4420,10, 5.6358,100, 7.3994,1, 1.9390,1, 2.7522
9/18/17,1, 1.5540,1, 1.1844,1, 1.5939,1, 2.0187,10, 2.9630,100, 8.8843,10, 3.1132,1, 2.3112,1, 2.6358,"100,000", 5.7950,100, 1.8312,100, 1.7425,100, 2.8285,1, 6.4344,"1,000", 5.7092,10, 1.1005,10, 2.4689,1, 1.4090,10, 5.4154,100, 3.3713,10, 2.4341,1, 1.4420,10, 5.6358,100, 7.3994,1, 1.9390,1, 2.7522
9/19/17,1, 1.5518,1, 1.1849,1, 1.5892,1, 2.0216,10, 2.9500,100, 8.8837,10, 3.1143,1, 2.3128,1, 2.6235,"100,000", 5.7883,100, 1.8205,100, 1.7425,100, 2.8324,1, 6.4312,"1,000", 5.6918,10, 1.0978,10, 2.4786,1, 1.4151,10, 5.4012,100, 3.3656,10, 2.4375,1, 1.4403,10, 5.6058,100, 7.4090,1, 1.9382,1, 2.7596
9/20/17,1, 1.5519,1, 1.1893,1, 1.5805,1, 2.0141,10, 2.9480,100, 8.9087,10, 3.1263,1, 2.3262,1, 2.6183,"100,000", 5.7899,100, 1.8333,100, 1.7384,100, 2.8358,1, 6.4404,"1,000", 5.6802,10, 1.0982,10, 2.4878,1, 1.4161,10, 5.4167,100, 3.3373,10, 2.4427,1, 1.4384,10, 5.5530,100, 7.4292,1, 1.9405,1, 2.7616
9/21/17,1, 1.5629,1, 1.1913,1, 1.5849,1, 2.0191,10, 2.9520,100, 8.9239,10, 3.1311,1, 2.3295,1, 2.6276,"100,000", 5.7874,100, 1.8274,100, 1.7430,100, 2.8358,1, 6.4383,"1,000", 5.6885,10, 1.0991,10, 2.4921,1, 1.4297,10, 5.4463,100, 3.3389,10, 2.4431,1, 1.4436,10, 5.5753,100, 7.4086,1, 1.9405,1, 2.7619
9/22/17,1, 1.5453,1, 1.1847,1, 1.5751,1, 2.0005,10, 2.9514,100, 8.8800,10, 3.1145,1, 2.3140,1, 2.6255,"100,000", 5.7959,100, 1.8048,100, 1.7297,100, 2.8434,1, 6.4523,"1,000", 5.7121,10, 1.1021,10, 2.4907,1, 1.4214,10, 5.4040,100, 3.3440,10, 2.4327,1, 1.4399,10, 5.5422,100, 7.4129,1, 1.9457,1, 2.7721
9/23/17,1, 1.5431,1, 1.1856,1, 1.5772,1, 1.9973,10, 2.9379,100, 8.9072,10, 3.1170,1, 2.3198,1, 2.6239,"100,000", 5.7688,100, 1.8071,100, 1.7294,100, 2.8301,1, 6.4253,"1,000", 5.6771,10, 1.0969,10, 2.4873,1, 1.4189,10, 5.4313,100, 3.3604,10, 2.4316,1, 1.4385,10, 5.5469,100, 7.3775,1, 1.9366,1, 2.7478
9/24/17,1, 1.5431,1, 1.1856,1, 1.5772,1, 1.9973,10, 2.9379,100, 8.9072,10, 3.1170,1, 2.3198,1, 2.6239,"100,000", 5.7688,100, 1.8071,100, 1.7294,100, 2.8301,1, 6.4253,"1,000", 5.6771,10, 1.0969,10, 2.4873,1, 1.4189,10, 5.4313,100, 3.3604,10, 2.4316,1, 1.4385,10, 5.5469,100, 7.3775,1, 1.9366,1, 2.7478
9/25/17,1, 1.5431,1, 1.1856,1, 1.5772,1, 1.9973,10, 2.9379,100, 8.9072,10, 3.1170,1, 2.3198,1, 2.6239,"100,000", 5.7688,100, 1.8071,100, 1.7294,100, 2.8301,1, 6.4253,"1,000", 5.6771,10, 1.0969,10, 2.4873,1, 1.4189,10, 5.4313,100, 3.3604,10, 2.4316,1, 1.4385,10, 5.5469,100, 7.3775,1, 1.9366,1, 2.7478
9/26/17,1, 1.5439,1, 1.1785,1, 1.5724,1, 1.9922,10, 2.9285,100, 8.8525,10, 3.0985,1, 2.3094,1, 2.6184,"100,000", 5.7643,100, 1.8002,100, 1.7308,100, 2.8342,1, 6.4289,"1,000", 5.6786,10, 1.0994,10, 2.4810,1, 1.4112,10, 5.4023,100, 3.3718,10, 2.4166,1, 1.4365,10, 5.5030,100, 7.3671,1, 1.9394,1, 2.7592
9/27/17,1, 1.5383,1, 1.1742,1, 1.5699,1, 2.0029,10, 2.9353,100, 8.8106,10, 3.0868,1, 2.3008,1, 2.6182,"100,000", 5.7726,100, 1.8050,100, 1.7415,100, 2.8428,1, 6.4499,"1,000", 5.7227,10, 1.1037,10, 2.4766,1, 1.4027,10, 5.3630,100, 3.3825,10, 2.4073,1, 1.4374,10, 5.5063,100, 7.3665,1, 1.9453,1, 2.7576
9/28/17,1, 1.5410,1, 1.1787,1, 1.5838,1, 2.0138,10, 2.9544,100, 8.8615,10, 3.0975,1, 2.3033,1, 2.6331,"100,000", 5.8104,100, 1.8264,100, 1.7378,100, 2.8664,1, 6.4941,"1,000", 5.7628,10, 1.1135,10, 2.4707,1, 1.4140,10, 5.3561,100, 3.3770,10, 2.4055,1, 1.4438,10, 5.4901,100, 7.4099,1, 1.9614,1, 2.7733
9/29/17,1, 1.5391,1, 1.1843,1, 1.5779,1, 2.0208,10, 2.9519,100, 8.8922,10, 3.1133,1, 2.3143,1, 2.6327,"100,000", 5.8243,100, 1.8417,100, 1.7451,100, 2.8773,1, 6.5163,"1,000", 5.7740,10, 1.1171,10, 2.4703,1, 1.4150,10, 5.3735,100, 3.3728,10, 2.4170,1, 1.4463,10, 5.5136,100, 7.4270,1, 1.9689,1, 2.7776
9/30/17,1, 1.5383,1, 1.1850,1, 1.5792,1, 2.0242,10, 2.9488,100, 8.9110,10, 3.1144,1, 2.3141,1, 2.6234,"100,000", 5.8048,100, 1.8608,100, 1.7451,100, 2.8677,1, 6.4977,"1,000", 5.7592,10, 1.1134,10, 2.4668,1, 1.4168,10, 5.3760,100, 3.3854,10, 2.4048,1, 1.4456,10, 5.5139,100, 7.3798,1, 1.9623,1, 2.7702
10/1/17,1, 1.5383,1, 1.1850,1, 1.5792,1, 2.0242,10, 2.9488,100, 8.9110,10, 3.1144,1, 2.3141,1, 2.6234,"100,000", 5.8048,100, 1.8608,100, 1.7451,100, 2.8677,1, 6.4977,"1,000", 5.7592,10, 1.1134,10, 2.4668,1, 1.4168,10, 5.3760,100, 3.3854,10, 2.4048,1, 1.4456,10, 5.5139,100, 7.3798,1, 1.9623,1, 2.7702
10/2/17,1, 1.5383,1, 1.1850,1, 1.5792,1, 2.0242,10, 2.9488,100, 8.9110,10, 3.1144,1, 2.3141,1, 2.6234,"100,000", 5.8048,100, 1.8608,100, 1.7451,100, 2.8677,1, 6.4977,"1,000", 5.7592,10, 1.1134,10, 2.4668,1, 1.4168,10, 5.3760,100, 3.3854,10, 2.4048,1, 1.4456,10, 5.5139,100, 7.3798,1, 1.9623,1, 2.7702
10/3/17,1, 1.5333,1, 1.1775,1, 1.5680,1, 2.0211,10, 2.9489,100, 8.8586,10, 3.0952,1, 2.3032,1, 2.6101,"100,000", 5.7989,100, 1.8442,100, 1.7397,100, 2.8629,1, 6.4935,"1,000", 5.7465,10, 1.1148,10, 2.4553,1, 1.4117,10, 5.3389,100, 3.3916,10, 2.3998,1, 1.4410,10, 5.4837,100, 7.3759,1, 1.9620,1, 2.7729
10/4/17,1, 1.5354,1, 1.1803,1, 1.5710,1, 2.0158,10, 2.9541,100, 8.9003,10, 3.1017,1, 2.3069,1, 2.6053,"100,000", 5.7998,100, 1.8528,100, 1.7390,100, 2.8680,1, 6.5029,"1,000", 5.7321,10, 1.1177,10, 2.4549,1, 1.4099,10, 5.3517,100, 3.3924,10, 2.4123,1, 1.4414,10, 5.4795,100, 7.3587,1, 1.9655,1, 2.7700
10/5/17,1, 1.5456,1, 1.1826,1, 1.5770,1, 2.0199,10, 2.9534,100, 8.9351,10, 3.1078,1, 2.3111,1, 2.6096,"100,000", 5.7893,100, 1.8600,100, 1.7469,100, 2.8672,1, 6.5012,"1,000", 5.7101,10, 1.1184,10, 2.4719,1, 1.4110,10, 5.3805,100, 3.4010,10, 2.4238,1, 1.4453,10, 5.5084,100, 7.3321,1, 1.9650,1, 2.7690
10/6/17,1, 1.5352,1, 1.1804,1, 1.5735,1, 2.0101,10, 2.9502,100, 8.9499,10, 3.1020,1, 2.3103,1, 2.5885,"100,000", 5.7729,100, 1.8461,100, 1.7436,100, 2.8642,1, 6.4986,"1,000", 5.6793,10, 1.1185,10, 2.4674,1, 1.4045,10, 5.3733,100, 3.4112,10, 2.4228,1, 1.4407,10, 5.5006,100, 7.3270,1, 1.9629,1, 2.7699
